category,brand_name,product_name,packaging_info,sku,picture_url,description
Produce,Imperial,"6303788
Imperial
Apple Gala Extra Fancy Fresh 1/163 CT",1/163 CT,6303788,https://mediacdn.sysco.com/images/rendition?id=d6643fa8729b9039d61fa1130fd79cb333390fb2,"A cross between Kidd’s Orange Red and Golden Delicious, the Gala originated in New Zealand. Brought to the United States in the early 1970s, it is now one of the country’s most popular apple varieties. Galas can vary in color, but they have a very...
Read More"
Produce,Packer,"3641412
Packer
Banana Petite Fresh 1/75CT",1/75CT,3641412,https://mediacdn.sysco.com/images/rendition?id=fe256956b13d5c939b1c66569401c8851ec99870,Product description is not available
Produce,Packer,"7864964
Packer
Mushrooms Mature Local Fresh 1/10 LB",1/10 LB,7864964,https://mediacdn.sysco.com/images/rendition?id=c64eca6090614888a3be64899ea9ea7b21a03612,Product description is not available
Produce,Imperial Fresh,"1008481
Imperial Fresh
Potato Baking Russet 120 Count Fresh 1/50 LB",1/50 LB,1008481,https://mediacdn.sysco.com/images/rendition?id=c8c4185767f4e19fd70221fea5254f70ee9aa1d5&ht=225&wd=225,
Produce,Imperial Fresh,"2175339
Imperial Fresh
Onion Red Medium Bag 1/25LB",1/25LB,2175339,https://mediacdn.sysco.com/images/rendition?id=bb192c805465ae1e08d905e2e63401a5637f100a&ht=225&wd=225,
Produce,Imperial Fresh,"1099589
ONE PLANET. ONE TABLE.
Imperial Fresh
Tomato Bulk Fresh 1/5 LB",1/5 LB,1099589,https://mediacdn.sysco.com/images/rendition?id=8ed27cff325a0448f9fd13b231317ece70cbdf83&ht=225&wd=225,
Produce,Propack,"1254390
Propack
Blueberries Fresh 12/1PT",12/1PT,1254390,https://mediacdn.sysco.com/images/rendition?id=113089bca005a1b6a5c9b1af8f871916ef3f357f&ht=225&wd=225,
Produce,Propack,"1472554
Propack
Cucumbers Fresh 1/36CT",1/36CT,1472554,https://mediacdn.sysco.com/images/rendition?id=7e876b3980ecaf598ebd05efd64c917496e245c1&ht=225&wd=225,
Produce,Packer,"7153892
Packer
Pear Anjou Green 1 Layer 1/22 CT",1/22 CT,7153892,https://image.sysco.com/image-server/product/image/7153892/thumbnail/1.png,
Produce,Imperial Fresh,"7410640
Imperial Fresh
Cucumber Select Fresh 1/5 LB",1/5 LB,7410640,https://mediacdn.sysco.com/images/rendition?id=e3163c080a0f92619435b4f92d9d8e040a8f2f46&ht=225&wd=225,
Produce,Imperial Fresh,"1098516
Imperial Fresh
Onions Yellow Medium Bag 1/50#",,1098516,https://mediacdn.sysco.com/images/rendition?id=daf6432724f07411ba743d3596246aa71c1c0111&ht=225&wd=225,
Produce,Imperial Fresh,"0404030
Imperial Fresh
Squash Butternut Fresh 1/10 LBS",,0404030,https://mediacdn.sysco.com/images/rendition?id=89bc1bb55542c55757ec769f0e4c1f0295a17595&ht=225&wd=225,
Produce,Packer,"7865431
Packer
Mushrooms Sliced .125"" Medium Local 1/5 LB",1/5 LB,7865431,https://mediacdn.sysco.com/images/rendition?id=3569e02a582956e1905a66e374af3489c64fc31d&ht=225&wd=225,
Produce,Packer,"6264133
Packer
Apple Sliced Fresh Red 64/2 OZ",64/2 OZ,6264133,https://mediacdn.sysco.com/images/rendition?id=f852806a037ddd6dc6f1bf6a794c4bbe441b6d00&ht=225&wd=225,
Produce,Packer,"3289446
Packer
Carrots Organic Rainbow Shredded 2/5 LB",2/5 LB,3289446,https://mediacdn.sysco.com/images/rendition?id=43edf206af1bb5d2f39e0efc6f0ad26e53b81938&ht=225&wd=225,
Produce,Reliance Fresh,"2252039
Reliance Fresh
Lemon Choice Fresh 1/140 CT",1/140 CT,2252039,https://mediacdn.sysco.com/images/rendition?id=6103a937f764e937c1122162298bcd47cd28e37d&ht=225&wd=225,
Produce,Imperial Fresh,"9041344
Imperial Fresh
Broccoli Crowns Fresh 1/5 LB",1/5 LB,9041344,https://mediacdn.sysco.com/images/rendition?id=8a34d8001995b7286e701e1a519482603b52e38a&ht=225&wd=225,
Produce,Reliance Fresh,"1268572
Reliance Fresh
Apple Red Delicious Fancy Fresh 1/125 CT",1/125 CT,1268572,https://mediacdn.sysco.com/images/rendition?id=56674fb05a21bdbe10397d826e12dc21ec750b82&ht=225&wd=225,
Produce,Propack,"1182336
Propack
Raspberry Red Fresh 12/.5 PT",5 PT,1182336,https://mediacdn.sysco.com/images/rendition?id=d3f76e7c8af396d7d527653a4ddcac0d0a53758c&ht=225&wd=225,
Produce,Reliance Fresh,"2188530
Reliance Fresh
Apple Red Delicious Fancy Fresh 1/163 CT",1/163 CT,2188530,https://mediacdn.sysco.com/images/rendition?id=77239d4a9d87e771d00407f85f7b917d419af774&ht=225&wd=225,
Produce,Propack,"6235501
Propack
Strawberry Fresh 8/1LB",8/1LB,6235501,https://mediacdn.sysco.com/images/rendition?id=d810b8c8ac1c3c0ddb5e808b8e2e4cd27ee61ebd&ht=225&wd=225,
Produce,Reliance Fresh,"7651841
Reliance Fresh
Orange Choice Fresh 88 Count 1/88 CT",1/88 CT,7651841,https://mediacdn.sysco.com/images/rendition?id=f57008c098785122e1350d4d71e920b966701193&ht=225&wd=225,
Produce,Reliance Fresh,"7651967
Reliance Fresh
Oranges Choice Fresh 1/138 CT",1/138 CT,7651967,https://mediacdn.sysco.com/images/rendition?id=e24376a5e43317b9a8a81da0af9bb4003f782137&ht=225&wd=225,
Produce,Imperial Fresh,"1908284
Imperial Fresh
Celery Pascal Foodservice 1/3 CT",1/3 CT,1908284,https://mediacdn.sysco.com/images/rendition?id=e5f4c726cd17c9a85d1d8b3843e8840ae81bd314&ht=225&wd=225,
Produce,Packer,"2442754
Packer
Banana Green Tip Fresh 4/10 LB",4/10 LB,2442754,https://mediacdn.sysco.com/images/rendition?id=1d24a3811a9d395986bbbf02e6c99601246b6d12,Product description is not available
Produce,Reliance Fresh,"5418132
ONE PLANET. ONE TABLE.
Reliance Fresh
Tomato Roma Utility Fresh 1/25 LB",1/25 LB,5418132,https://mediacdn.sysco.com/images/rendition?id=a4f03b6b401f8fb1f90d4e02af6e0a7346c57e1d,"Sysco Reliance roma tomatoes in a bulk pack. This is a #2 grade product for batch use applications due to variability in quality, sizing, and color....
Read More"
Produce,Imperial Fresh,"9586348
Imperial Fresh
Carrot Jumbo Fresh 1/50 LB",1/50 LB,9586348,https://mediacdn.sysco.com/images/rendition?id=319a1ab2ff6d339b8c2bc1147cacd5d3ef4fccd2,"Jumbo carrots are the largest on the market and they pack big flavor with high levels of beta carotene. They’re perfect for juicing and a great option if you’re preparing meals for catering or large groups....
Read More"
Produce,Imperial Fresh,"6902340
Imperial Fresh
Pepper Green Bell Fresh Large 1/5 LB",1/5 LB,6902340,https://mediacdn.sysco.com/images/rendition?id=034c783c9c2e8830a72354adcfd3cadc7aea742d&ht=225&wd=225,
Produce,Imperial Fresh,"9352584
Imperial Fresh
Pepper Bell Mixed 1/12 CT",1/12 CT,9352584,https://mediacdn.sysco.com/images/rendition?id=486a67d69d4177fbc0f0ccb45660baf60a8e862f&ht=225&wd=225,
Produce,Imperial Fresh,"1094663
Imperial Fresh
Onion Red Jumbo Bag 1/25LB",1/25LB,1094663,https://image.sysco.com/image-server/product/image/1094663/thumbnail/1.png,
Produce,Imperial Fresh,"1745161
Imperial Fresh
Pepper Bell Red Hothouse #1 1/11 LB",1/11 LB,1745161,https://mediacdn.sysco.com/images/rendition?id=ca05665d242f12aac6b2f0d69c4ed0f6dfa85499&ht=225&wd=225,
Produce,Imperial Fresh,"1094747
Imperial Fresh
Onion Yellow Colossal Bag 1/50 LB",1/50 LB,1094747,https://mediacdn.sysco.com/images/rendition?id=47c9b04b318222d49e3c44cb66c9c3bea88fac49&ht=225&wd=225,
Produce,Propack,"3381134
Propack
Avocado Hass Breaking Fresh #2 1/60 CT",1/60 CT,3381134,https://mediacdn.sysco.com/images/rendition?id=489fe66cf2d14ef32173b700b7487a952c3daa22&ht=225&wd=225,
Produce,Imperial Fresh,"7289542
Imperial Fresh
Lemon Fresh 8/5LB",8/5LB,7289542,https://mediacdn.sysco.com/images/rendition?id=e228df615046dda80b90e74eeeccb3716f48141d&ht=225&wd=225,
Produce,Imperial Fresh,"1008499
Imperial Fresh
Potato Baking Russet 50 Count Fresh 1/50LB",1/50LB,1008499,https://mediacdn.sysco.com/images/rendition?id=443ef8f125ea26d292d2a26715defb9d00a97a4d&ht=225&wd=225,
Produce,Imperial Fresh,"1008465
Imperial Fresh
Potato Baking Russet 90 Count Fresh 1/50 LB",1/50 LB,1008465,https://mediacdn.sysco.com/images/rendition?id=d5219d45d1de42dea06b1a0ce44ca2ae86791413&ht=225&wd=225,
Produce,Imperial Fresh,"1675701
Imperial Fresh
Cabbage Green Shredded Fresh In Bag 4/5 LB",4/5 LB,1675701,https://mediacdn.sysco.com/images/rendition?id=55db69895c88d3f5f8467204dbf2ad850bdf8809&ht=225&wd=225,
Produce,Reliance Fresh,"1268549
Reliance Fresh
Apple Red Delicious Fancy Fresh 1/88 CT",1/88 CT,1268549,https://mediacdn.sysco.com/images/rendition?id=2c712ceb56407df16dbbb966f496deed06818857&ht=225&wd=225,
Produce,Imperial Fresh,"1008473
Imperial Fresh
Potato Baking Russet 100 Count Fresh 1/50 LB",1/50 LB,1008473,https://mediacdn.sysco.com/images/rendition?id=4ffa02d00b38b57ad796ab271ca8a4add01c7a3e&ht=225&wd=225,
Produce,Packer,"1007848
Packer
Mango Fresh 1/9-12CT",1/9-12CT,1007848,https://mediacdn.sysco.com/images/rendition?id=620cacaa8e7b040bbefc98e79bd7a82345ba5dff&ht=225&wd=225,
Produce,Reliance Fresh,"1268564
Reliance Fresh
Apple Red Delicious Fancy Fresh 1/138CT",1/138CT,1268564,https://mediacdn.sysco.com/images/rendition?id=981e1db03bc7603499a2b44a16df6d975031a4af&ht=225&wd=225,
Produce,Packer,"2089142
Packer
Nectarine Fresh California 1/25 LB",1/25 LB,2089142,,
Produce,Imperial Fresh,"1268960
Imperial Fresh
Squash Zucchini Fancy Fresh 1/5#",,1268960,https://mediacdn.sysco.com/images/rendition?id=3fcdd99d8552000da3949ab48f82b00c8ec5bcd7&ht=225&wd=225,
Produce,Imperial Fresh,"3855251
Imperial Fresh
Melon Watermelon Seedless Fresh 1/2 CT",1/2 CT,3855251,https://mediacdn.sysco.com/images/rendition?id=1b6db38d7456096e891c1291ffde3720a37f8652&ht=225&wd=225,
Produce,Imperial Fresh,"6664346
Imperial Fresh
Lettuce Salad Mix Red Cabbage - Ro... 4/5 LB",4/5 LB,6664346,https://mediacdn.sysco.com/images/rendition?id=c85decc20ddf7738496cac63685e3d91d8fc858a&ht=225&wd=225,
Produce,Imperial Fresh,"6017263
ONE PLANET. ONE TABLE.
Imperial Fresh
Tomato Grape Fresh 12/1 PT",12/1 PT,6017263,https://mediacdn.sysco.com/images/rendition?id=a0b29f401d2665809d6f56b9c7b9c3d26f869784&ht=225&wd=225,
Produce,Propack,"1166156
Propack
Banana Fresh Petite Green Tip 1/150 CT",1/150 CT,1166156,https://mediacdn.sysco.com/images/rendition?id=585ec274813c572579204f5eb170a62331d4c259&ht=225&wd=225,
Produce,Imperial Fresh,"1008663
ONE PLANET. ONE TABLE.
Imperial Fresh
Tomato 2 Layer 5x6 Fresh 1/60 CT",1/60 CT,1008663,https://mediacdn.sysco.com/images/rendition?id=20769d5cab15d2508b4740dda743868bfb6c7281&ht=225&wd=225,
Produce,Propack,"1029354
Propack
Avocado Hass Breaking Fresh 1/60 CT",1/60 CT,1029354,https://mediacdn.sysco.com/images/rendition?id=103f2c8f1efdad499f350115ae8be9c65ffa288e,"Propack Fresh Hass avocados are oval-shaped with pebbly skin. The interior flesh is pale green with creamy, yellowish hues near the pit. External defects associated with #1’s include minimal scaring, misshape, sunburn, and off-color. Internal defect...
Read More"
Produce,Keystone Products,"1993338
Keystone Products
Cleaner Fruit Vegetable Antimicrob... 2/1GAL",2/1GAL,1993338,https://mediacdn.sysco.com/images/rendition?id=9b41ac712fc19cd5e3a8c1425975c337f64807e8,"Keystone antimicrobial fruit and vegetable treatment by Sysco is used for cleaning fruits and vegetables for safe serving of produce. This formula reduces harmful pathogens and spoilage, prolonging the life of your produce while cutting food costs for...
Read More"
Produce,Penny's Salsa Co,"4832919
Penny's Salsa Co
Tomato Diced 3/8 Fresh 1/5 LB",1/5 LB,4832919,https://mediacdn.sysco.com/images/rendition?id=5d96daee65090696d49f1670bb3181885a2b1043,Product description is not available...
Produce,Packer,"4510299
Packer
Brussel Sprout Whole 2/5 LB",2/5 LB,4510299,https://mediacdn.sysco.com/images/rendition?id=526e44fea9f50887d786c203c7577521faba0799&ht=225&wd=225,
Produce,Imperial Fresh,"7157088
Imperial Fresh
Cucumber English Fresh Long Seedless 8/3 CT",8/3 CT,7157088,https://shop.sysco.com/23490520ea80a701fa97367426c7c12c.svg,
Produce,Imperial Fresh,"1008655
ONE PLANET. ONE TABLE.
Imperial Fresh
Tomato 2 Layer 5x5 Fresh 1/50 CT",1/50 CT,1008655,https://mediacdn.sysco.com/images/rendition?id=96e189f3065f5f1ac1e7360cb34e3b7af034338e&ht=225&wd=225,
Produce,Resers,"2518017
Resers
Salad Potato Northwest 3/8 LB",3/8 LB,2518017,https://mediacdn.sysco.com/images/rendition?id=8fc9a55fd07bc26bd5f1a706a68a9315f6fcc3db&ht=225&wd=225,
Produce,Imperial Fresh,"3380722
Imperial Fresh
Carrots Fresh Chips Crinkle 4/5 LB",4/5 LB,3380722,https://mediacdn.sysco.com/images/rendition?id=8528e3060432f1ce924929e43f7781ccce48f71d&ht=225&wd=225,
Produce,Propack,"1070879
Propack
Avocado Hass Fresh 1/24 CT",1/24 CT,1070879,https://mediacdn.sysco.com/images/rendition?id=d093421a224aa6d4400c27e0169a8082c2bc0347&ht=225&wd=225,
Produce,Propack,"4347597
Propack
Apple Fuji Fancy 1/125 CT",1/125 CT,4347597,https://mediacdn.sysco.com/images/rendition?id=ee0726fbc1aa115e60ebe76ece83c4fa3cdf693d&ht=225&wd=225,
Produce,Imperial Fresh,"7210106
Imperial Fresh
Onion Red Jumbo Sack 10/5 LB",10/5 LB,7210106,https://mediacdn.sysco.com/images/rendition?id=7d15e50708f9bd8c6e3df3cd4c1c102ec23114d2&ht=225&wd=225,
Produce,Imperial Fresh,"1132050
Imperial Fresh
Lettuce Fresh Tender Greens 1/3 LB",1/3 LB,1132050,https://mediacdn.sysco.com/images/rendition?id=8311bbafcec5412a24228945077b462471803f06&ht=225&wd=225,
Produce,Packer,"7868617
Packer
Mushrooms Crimini Local Fresh 1/5 LB",1/5 LB,7868617,https://mediacdn.sysco.com/images/rendition?id=7fd13de6273d9d71d912c942feae8b232cf17906&ht=225&wd=225,
Produce,Imperial Fresh,"7198253
Imperial Fresh
Apple Red Delicious Extra Fancy Fresh 8/5 LB",8/5 LB,7198253,https://mediacdn.sysco.com/images/rendition?id=a4833959ecf8a7f8053644c64e7138080619cf85&ht=225&wd=225,
Produce,Propack,"1158542
Propack
Banana Fresh Green Tip 1/40LB",1/40LB,1158542,https://mediacdn.sysco.com/images/rendition?id=83672a1ff63669fdc746d582f57ca47b320fbfa2&ht=225&wd=225,
Produce,Propack,"1185040
Propack
Lime Fresh 1/175 CT",1/175 CT,1185040,https://mediacdn.sysco.com/images/rendition?id=c682f91f81fed107a5f19b8c5856c1e1dbf85424&ht=225&wd=225,
Produce,Packer,"2283842
Packer
Sprout Clover Fresh 4/1 LB",4/1 LB,2283842,https://image.sysco.com/image-server/product/image/2283842/thumbnail/1.png,
Produce,Imperial Fresh,"6894125
ONE PLANET. ONE TABLE.
Imperial Fresh
Tomato Roma Fresh 1/25 LB",1/25 LB,6894125,https://mediacdn.sysco.com/images/rendition?id=fe40c4b4388ba9ca6128915d3921f218ac67e08b&ht=225&wd=225,
Produce,Packer,"7134606
Packer
Lime Fresh 10 Pound 42 Count 1/42 CT",1/42 CT,7134606,https://mediacdn.sysco.com/images/rendition?id=c7eaf631ebbbe4d086a7e2307eebd399a9b2ead6&ht=225&wd=225,
Produce,Imperial Fresh,"7289526
Imperial Fresh
Orange Bagged Fresh 8/5LB",8/5LB,7289526,https://mediacdn.sysco.com/images/rendition?id=e1c638195db8ed6f1275718986cab80927806166&ht=225&wd=225,
Produce,Reliance Fresh,"2252054
Reliance Fresh
Lemon Choice Fresh 1/165CT",1/165CT,2252054,https://mediacdn.sysco.com/images/rendition?id=fc1fc7b7e2f284820e49415a631b5e33301881ef&ht=225&wd=225,
Produce,Imperial Fresh,"4966123
Imperial Fresh
Lettuce Leaf Ultimate Burger 2/5 LB",2/5 LB,4966123,https://mediacdn.sysco.com/images/rendition?id=ccdcf14247eca64597f9a42accf1e2c001378a37&ht=225&wd=225,
Produce,Imperial Fresh,"6908115
Imperial Fresh
Melon Cantaloupe Fresh 1/3 CT",1/3 CT,6908115,https://mediacdn.sysco.com/images/rendition?id=597506a8336316068c8148bfcd37b02eb999cf56&ht=225&wd=225,
Produce,Sysco/freshpoint Natural,"1675891
ONE PLANET. ONE TABLE.
Sysco/freshpoint Natural
Lettuce Romaine Fresh 4/6 CT",4/6 CT,1675891,https://mediacdn.sysco.com/images/rendition?id=1adbc7ee55ba45d2e9bedb4307ad43746f13460e&ht=225&wd=225,
Produce,Imperial Fresh,"1008648
ONE PLANET. ONE TABLE.
Imperial Fresh
Tomato Layer Fresh Packed 4x5 1/40 CT",1/40 CT,1008648,https://mediacdn.sysco.com/images/rendition?id=9185f6bde2b7f8903f198ffc4e4a77217f1740b4,"Sysco Imperial Tomato 2 Layer 4x5 is hand selected round tomato packed by count for size and color uniformity....
Read More"
Produce,Reliance Fresh,"4935623
ONE PLANET. ONE TABLE.
Reliance Fresh
Tomato Bulk Utility Fresh 1/25 LB",1/25 LB,4935623,https://mediacdn.sysco.com/images/rendition?id=8710d70cf87a211dce258f78a1430e4689e6578f,"Sysco Reliance round tomatoes in a bulk pack. This is a #2 grade product for batch use applications due to variability in quality, sizing, and color....
Read More"
Produce,Imperial Fresh,"1008432
Imperial Fresh
Potato Baking Russet 60 Count Fresh 1/50 LB",1/50 LB,1008432,https://mediacdn.sysco.com/images/rendition?id=2d8a48a5517cd8357a043afbf710e58cdabf0f1e,"Imperial Fresh Idaho russet potatoes are known worldwide for their superior quality.  A combination of long sunny days and cool nights, plus rich volcanic soil and ample water have created near-perfect growing conditions.  The result is a potato with...
Read More"
Produce,Sysco/freshpoint Natural,"1908318
ONE PLANET. ONE TABLE.
Sysco/freshpoint Natural
Lettuce Iceberg Premium Palletized 1/24CT",1/24CT,1908318,https://mediacdn.sysco.com/images/rendition?id=2ef9192e971f9d2e358b0234d17495da9b68f56e&ht=225&wd=225,
Produce,Imperial Fresh,"1008507
Imperial Fresh
Potato Baking Russet 70 Count-fresh 1/50 LB",1/50 LB,1008507,https://mediacdn.sysco.com/images/rendition?id=de66ff3ee7b399cdf4d69781b678daabfece26ec&ht=225&wd=225,
Produce,Packer,"2254031
Packer
Pepper Mixed Colors Mini Fresh 12/1 LB",12/1 LB,2254031,https://mediacdn.sysco.com/images/rendition?id=6a644ba26d278edfa5c1d8d99729c9e3acefa2d5&ht=225&wd=225,
Produce,Sysco/freshpoint Natural,"1675909
Sysco/freshpoint Natural
Lettuce Greens Leaf Fresh 4/6 CT",4/6 CT,1675909,https://mediacdn.sysco.com/images/rendition?id=9af44df309c5a3b396368a51b56dcef03af71749&ht=225&wd=225,
Produce,Imperial Fresh,"1008515
Imperial Fresh
Potato Baking Russet 80 Count Fresh 1/50 LB",1/50 LB,1008515,https://mediacdn.sysco.com/images/rendition?id=e905d45b58c30335597bdcd43c7ea158e6220e80&ht=225&wd=225,
Produce,Packer,"7865415
Packer
Mushrooms Sliced .125"" Medium Local 1/10 LB",1/10 LB,7865415,https://mediacdn.sysco.com/images/rendition?id=442e7641535673b2adf89c8beac82de54e8f3724&ht=225&wd=225,
Produce,Imperial Fresh,"9516907
Imperial Fresh
Lettuce Spring Mix Sweet Pillow 1/3 LB",1/3 LB,9516907,https://mediacdn.sysco.com/images/rendition?id=e6d7df6ec9e0908e8b128372ef9579552a77c998&ht=225&wd=225,
Produce,Imperial Fresh,"1675602
Imperial Fresh
Lettuce Salad Mix Separated Fresh 4/5 LB",4/5 LB,1675602,https://mediacdn.sysco.com/images/rendition?id=abba0cd9dd1b4be977fb52be37aa273893f6162c&ht=225&wd=225,
Produce,Packer,"4543013
Packer
Lime Fresh Cello 18/2 LB",18/2 LB,4543013,https://mediacdn.sysco.com/images/rendition?id=9e316ddea6f56d24bf1c0ca57642bb7eca061ae1&ht=225&wd=225,
Produce,Imperial Fresh,"7700404
Imperial Fresh
Carrots Baby Cut Peeled 4/5LB",4/5LB,7700404,https://mediacdn.sysco.com/images/rendition?id=4c8ec36a4fafd70be736bf34a4908c1c5f010f59&ht=225&wd=225,
Produce,Classic,"3094962
Classic
Potato Diced Cooked Red Skin-on 2/10LB",2/10LB,3094962,https://mediacdn.sysco.com/images/rendition?id=f6ce0f0c8f27aa96910b395be9a3138c24a59896&ht=225&wd=225,
Produce,Imperial Fresh,"5905013
Imperial Fresh
Onions Diced .375"" Yellow 4/5 LB",4/5 LB,5905013,https://mediacdn.sysco.com/images/rendition?id=72e27d74ab563d114e4da5fee29e172912175830&ht=225&wd=225,
Produce,Imperial Fresh,"2475960
Imperial Fresh
Grape Green Seedless Fresh 1/4LB",1/4LB,2475960,https://mediacdn.sysco.com/images/rendition?id=4e04f781f3ed216a08425880b6b6b6c8bce910bc&ht=225&wd=225,
Produce,Propack,"7655087
Propack
Lime Fresh 230 Count 1/40 LB",1/40 LB,7655087,https://mediacdn.sysco.com/images/rendition?id=da358cf2123a5e3113d93e5477479d6af4ecff22&ht=225&wd=225,
Produce,Reliance Fresh,"3983194
Reliance Fresh
Potato Russet #2 6 Oz Minimum-size... 1/50LB",6 Oz,3983194,https://mediacdn.sysco.com/images/rendition?id=ba0351ea8b6fb9c94dfd3a3aaf1c8cf9fcf26278&ht=225&wd=225,
Produce,Sysco/freshpoint Natural,"7047854
ONE PLANET. ONE TABLE.
Sysco/freshpoint Natural
Lettuce Romaine Hearts Jumbo 7/6 CT",7/6 CT,7047854,https://mediacdn.sysco.com/images/rendition?id=a3628252bb1acb09ec0de84147adf13faa77d284&ht=225&wd=225,
Produce,Imperial Fresh,"4417830
ONE PLANET. ONE TABLE.
Imperial Fresh
Lettuce Organic Arcadian Harvest 1/3 LB",1/3 LB,4417830,https://mediacdn.sysco.com/images/rendition?id=0a6d55d75ed3bc65d69818af2cf44a286c3dfdd0&ht=225&wd=225,
Produce,Imperial Fresh,"1745171
ONE PLANET. ONE TABLE.
Imperial Fresh
Pepper Bell Yellow Hothouse #1 1/11 LB",1/11 LB,1745171,https://mediacdn.sysco.com/images/rendition?id=be484a50c9b8bd86ba387e6a4de8cf3d35b4f415&ht=225&wd=225,
Produce,Imperial Fresh,"2037109
Imperial Fresh
Mint Fresh Herb 1/4 OZ",1/4 OZ,2037109,https://mediacdn.sysco.com/images/rendition?id=8381039543bdcd20354c8529502c5f59dfc2d05f&ht=225&wd=225,
Produce,Resers,"6232177
ONE PLANET. ONE TABLE.
Resers
Mango Sliced Ls 2/8LB",2/8LB,6232177,https://mediacdn.sysco.com/images/rendition?id=f74bdb2c27c9d47293b730236e6258a7e2741376&ht=225&wd=225,
Produce,Imperial Fresh,"1079250
Imperial Fresh
Pepper Red Bell Fresh 1/5 LB",1/5 LB,1079250,https://mediacdn.sysco.com/images/rendition?id=19dfd70be60d67fae908f7e100f5ddac119b310c&ht=225&wd=225,
Produce,Imperial Fresh,"0546804
ONE PLANET. ONE TABLE.
Imperial Fresh
Lettuce Romaine Shredded 6/2 LB",6/2 LB,0546804,https://mediacdn.sysco.com/images/rendition?id=29fec3d6f8a55fd11b8a3ed211389a7c51533291,"Imperial Fresh Romaine is harvested daily and utilizes a unique cut, which gives it uniformity, longer shelf-life, and handcrafted look. The ideal mix of crunch and sweetness makes Taylor Farms Romaine the perfect salad base in your kitc...
Read More"
Produce,Packer,"4442075
Packer
Mushrooms Crimini Sliced 1/5 LB",1/5 LB,4442075,https://mediacdn.sysco.com/images/rendition?id=089906157634d02b95e3755ae78535b85b59cebe,Product description is not available
Produce,Imperial Fresh,"2227007
Imperial Fresh
Carrots Fresh Jumbo 1/25 LB",1/25 LB,2227007,https://mediacdn.sysco.com/images/rendition?id=954c6a655f498d9e12eb8723d219235100fbdba7,"Imperial Fresh jumbo carrots are the largest on the market and they pack big flavor with high levels of beta carotene. They’re perfect for juicing and a great option if you’re preparing meals for catering or large groups....
Read More"
Produce,Fresh Origins Micro Green,"7010351
Fresh Origins Micro Green
Green Micro Chefs Blend 1/4 OZ",1/4 OZ,7010351,https://mediacdn.sysco.com/images/rendition?id=4c499b60decf4dc984f6091156d9ae5628f2115a&ht=225&wd=225,
Produce,Reliance Fresh,"7650577
Reliance Fresh
Orange Choice Fresh 1/56 CT",1/56 CT,7650577,https://mediacdn.sysco.com/images/rendition?id=e78a3e6ec20e3e0f858c7d1fcf4f567a5e2b5ec0&ht=225&wd=225,
Produce,Packer,"4670287
Packer
Pear Red 1/2 Carton 1/40 CT",1/40 CT,4670287,https://image.sysco.com/image-server/product/image/4670287/thumbnail/1.png,
Produce,Imperial Fresh,"2704989
ONE PLANET. ONE TABLE.
Imperial Fresh
Broccoli Crowns Fresh Iceless 1/20LB",1/20LB,2704989,https://mediacdn.sysco.com/images/rendition?id=85ecf5b0f05f7ae3eef68846aec8118e2be271a2&ht=225&wd=225,
Produce,Imperial Fresh,"7389237
Imperial Fresh
Plum Black 1/25 CT",1/25 CT,7389237,https://image.sysco.com/image-server/product/image/7389237/thumbnail/1.png,
Produce,Propack,"6374029
Propack
Potato Yellow B Size Carton 1/50 LB",1/50 LB,6374029,https://mediacdn.sysco.com/images/rendition?id=d2da803c510bb60476abf8576edf4fec5d9a0fd9&ht=225&wd=225,
Produce,Imperial Fresh,"1184977
Imperial Fresh
Carrots Fresh Jumbo 1/5#",,1184977,https://mediacdn.sysco.com/images/rendition?id=47787cafebdaf778ed4622966135057d8e03cf6c&ht=225&wd=225,
Produce,Propack,"7413057
Propack
Pineapple Fresh Golden Ripe 1/6 CT",1/6 CT,7413057,https://mediacdn.sysco.com/images/rendition?id=1a38539e01dcce630d83df0eab205184c922caff&ht=225&wd=225,
Produce,Imperial Fresh,"1094721
Imperial Fresh
Onion Yellow Jumbo Bag 1/50 LB",1/50 LB,1094721,https://mediacdn.sysco.com/images/rendition?id=4b52ceb32941489751372ab2bad216682cb80be5&ht=225&wd=225,
Produce,Imperial Fresh,"6017370
ONE PLANET. ONE TABLE.
Imperial Fresh
Tomato Grape Fresh 1/10 LB",1/10 LB,6017370,https://mediacdn.sysco.com/images/rendition?id=9d756ce314fd7fa24c65aa540f81a99863121d28&ht=225&wd=225,
Produce,Imperial,"9992918
Imperial
Celery Fresh 8/3 Ct",8/3 Ct,9992918,https://shop.sysco.com/23490520ea80a701fa97367426c7c12c.svg,
Produce,Imperial Fresh,"5198767
ONE PLANET. ONE TABLE.
Imperial Fresh
Tomato Grape Fresh 1/6 PINT",,5198767,https://mediacdn.sysco.com/images/rendition?id=6914143c4b3e2f30fa4229cd0ac8aec63da020bf&ht=225&wd=225,
Produce,Packer,"7865122
Packer
Mushrooms Mature Sliced .375"" Local 1/10 LB",1/10 LB,7865122,https://mediacdn.sysco.com/images/rendition?id=9b57570976a339b0fecaf96f080803f70582d5f0&ht=225&wd=225,
Produce,Packer,"8428617
Packer
Tomato Sliced .25"" 5x6 2/5 LB",2/5 LB,8428617,https://mediacdn.sysco.com/images/rendition?id=1d1c7ae459e47148cb2199df41f74f56a64a30de&ht=225&wd=225,
Produce,Imperial Fresh,"7700396
Imperial Fresh
Carrots Baby Cut Peeled 200/1.6 OZ",6 OZ,7700396,https://mediacdn.sysco.com/images/rendition?id=171e958b53c4ecc0fc9e05b7219c27e3cc36030a&ht=225&wd=225,
Produce,Imperial Fresh,"1675727
Imperial Fresh
Carrot Diced 4/5 LB",4/5 LB,1675727,https://mediacdn.sysco.com/images/rendition?id=f3278c28f988b576fefe5d84ce6d986f10ed7302&ht=225&wd=225,
Produce,Imperial Fresh,"1221118
Imperial Fresh
Yam Medium Fresh 1/10 LB",1/10 LB,1221118,https://mediacdn.sysco.com/images/rendition?id=5e252e5cab153fd9691ae2f7c9343e1312d0f669&ht=225&wd=225,
Produce,Imperial Fresh,"6524391
ONE PLANET. ONE TABLE.
Imperial Fresh
Lettuce Chppped Plain 1"" X 1"" 4/5 LB",4/5 LB,6524391,https://mediacdn.sysco.com/images/rendition?id=b018f216b3cbad24b25ab8bf0dc60a5c6b59b205&ht=225&wd=225,
Produce,Imperial Fresh,"4041091
ONE PLANET. ONE TABLE.
Imperial Fresh
Tomato Roma 1/10 LB",1/10 LB,4041091,https://mediacdn.sysco.com/images/rendition?id=fe8c7f61607a1df67dcdff2a76be2765ee5ff874&ht=225&wd=225,
Produce,Imperial Fresh,"2463164
Imperial Fresh
Grape Red Seedless Fresh 1/4 LB",1/4 LB,2463164,https://mediacdn.sysco.com/images/rendition?id=172a6bcfc18760801555c9072fd88122871060e4&ht=225&wd=225,
Produce,Packer,"8550337
Packer
Garlic Minced Fresh 6/32 OZ",6/32 OZ,8550337,https://mediacdn.sysco.com/images/rendition?id=fe26fa1b18b13b3857e1448d6406bc0bb48438fc&ht=225&wd=225,
Produce,Fresh Origins Micro Green,"7010329
Fresh Origins Micro Green
Green Micro Bulls Blood 1/4 OZ",1/4 OZ,7010329,https://mediacdn.sysco.com/images/rendition?id=d1ae9755849a1b14706b5d48db23b586644b25a9,Product description is not available
Produce,Packer,"2032910
Packer
Bean Green Fresh 1/15 LB",1/15 LB,2032910,https://mediacdn.sysco.com/images/rendition?id=494093b87b3c271a90e88cc5c18cee65f3dd35a7,Product description is not available
Produce,Propack,"1061530
Propack
Corn Sweet Yellow Fresh 1/48CT",1/48CT,1061530,https://mediacdn.sysco.com/images/rendition?id=521f23c5e39573c6a14054d3ba65753cba30b08c,"Greenpoint label Yellow Corn is a variety of sweet corn. With kernels packed in tight almost uniform rows. At its peak ripeness, it's sweet, succulent, and the skin pops as you bite it. As it matures, kernels lose their milky consistency and become a gr...
Read More"
Produce,Imperial Fresh,"5198791
Imperial Fresh
Pineapple Fresh 1/3 CT",1/3 CT,5198791,https://mediacdn.sysco.com/images/rendition?id=cb06bf0e5bdbfdbb0319313c6469884884b4f979&ht=225&wd=225,
Produce,Sysco/freshpoint Natural,"1723857
Sysco/freshpoint Natural
Lettuce Greens Leaf Fresh With Liner 1/24 CT",1/24 CT,1723857,https://mediacdn.sysco.com/images/rendition?id=780dbbdc1b66c298263b2bbbd0f93b81baaaa2e0&ht=225&wd=225,
Produce,Propack,"2186146
Propack
Pepper Anaheim Fresh 1/18-22#",,2186146,https://mediacdn.sysco.com/images/rendition?id=b10b8106f92b998cdae88d7abb056ee3b068c457&ht=225&wd=225,
Produce,Don Diego (tomatillo),"9908817
Don Diego (tomatillo)
Tomatillo Crushed 6/#10",,9908817,https://mediacdn.sysco.com/images/rendition?id=c0b3dd76c120e344a5a6ef6c729f9333a3b792f4&ht=225&wd=225,
Produce,Propack,"2280493
Propack
Tomatillo Fresh Peeled 1/35-40#",,2280493,https://mediacdn.sysco.com/images/rendition?id=eb7eee4db280838e3ccaf1a10a99f54346964f4f&ht=225&wd=225,
Produce,Imperial Fresh,"6902399
Imperial Fresh
Squash Yellow Fancy Fresh 1/5 LB",1/5 LB,6902399,https://mediacdn.sysco.com/images/rendition?id=f23fe1756f81cd8e43b7cc196cc551e1aa572727&ht=225&wd=225,
Produce,Imperial Fresh,"9903289
Imperial Fresh
Cilantro Fresh Iceless 1/60 CT",1/60 CT,9903289,https://mediacdn.sysco.com/images/rendition?id=a0794ad9dc0f10c91c264a9b63ddf020417cb1d8&ht=225&wd=225,
Produce,Imperial Fresh,"7297093
Imperial Fresh
Potato Fresh Fingerling Yellow 4/10 LB",4/10 LB,7297093,https://mediacdn.sysco.com/images/rendition?id=6e107b92c385174d93c2d4fe23d05904635b3339&ht=225&wd=225,
Produce,Propack,"7150404
Propack
Squash Yellow Straight Neck Medium... 1/18-24#",,7150404,https://mediacdn.sysco.com/images/rendition?id=ebd0600ad663a82716f5bc83e608a35e8e4ecde5&ht=225&wd=225,
Produce,Sysco/freshpoint Natural Organic,"1584416
Sysco/freshpoint Natural Organic
Spinach Baby Organic Liner 1/4 LB",1/4 LB,1584416,https://mediacdn.sysco.com/images/rendition?id=1dce083373e63401d6e759ced945b0c2fbc3af7c&ht=225&wd=225,
Produce,Imperial Fresh,"2037125
Imperial Fresh
Mint Fresh Herb 1/1 LB",1/1 LB,2037125,https://mediacdn.sysco.com/images/rendition?id=5b6632026fd257558d7aa2b5703afc975a93a364&ht=225&wd=225,
Produce,Packer,"2039204
Packer
Radish Sprouts 12/2.2 OZ",2 OZ,2039204,https://mediacdn.sysco.com/images/rendition?id=e25bd2fee4494e50fd4765fdb9d349cb30e52e2a&ht=225&wd=225,
Produce,Ecolab,"2111799
Ecolab
Cleaner Vegetable & Fruit Antimicrobial 1/2.5GAL",5GAL,2111799,https://mediacdn.sysco.com/images/rendition?id=6952bec3f5dee706008135815667e99ff6e3bed4&ht=225&wd=225,
Produce,Packer,"8784476
Packer
Cabbage Greens Jumbo Local 1/50 LB",1/50 LB,8784476,https://mediacdn.sysco.com/images/rendition?id=5788bab9aa05ef93eac1155ffaf5349e3337a87e&ht=225&wd=225,
Produce,Packer,"4786287
Packer
Potato Fresh Frying Chipperbec 1/50LB",1/50LB,4786287,https://mediacdn.sysco.com/images/rendition?id=7646ef97d537a841c15ad4ebb49440392e41a920&ht=225&wd=225,
Produce,Imperial Fresh,"5160240
Imperial Fresh
Pepper Chili Shishito 1/5 LB",1/5 LB,5160240,https://mediacdn.sysco.com/images/rendition?id=c3b27e6e590c29ca6fa0979ad486602780592acf&ht=225&wd=225,
Produce,Propack,"4615704
Propack
Pepper Red Bell Choice Fresh 1/22-25#",,4615704,https://mediacdn.sysco.com/images/rendition?id=e5c6ae287f1b3e63fd7638b3ed420793db7e92a7&ht=225&wd=225,
Produce,Imperial Fresh,"1864735
ONE PLANET. ONE TABLE.
Imperial Fresh
Mushroom Sliced Fresh 1/10LB",1/10LB,1864735,https://mediacdn.sysco.com/images/rendition?id=7c7314ba4dd15956a746ac89449389b84afb388f&ht=225&wd=225,
Produce,Imperial Fresh,"2005114
Imperial Fresh
Dill Baby Fresh Herb 1/4 OZ",1/4 OZ,2005114,https://mediacdn.sysco.com/images/rendition?id=b5b3d9bf3ea5ae6ced3d7df9ffa7cca81acd545f&ht=225&wd=225,
Produce,Imperial Fresh,"2175362
Imperial Fresh
Onion Yellow Super Colossal Bag 1/50LB",1/50LB,2175362,https://mediacdn.sysco.com/images/rendition?id=4e683f1077134720d6d7eed0356568d29a177f19&ht=225&wd=225,
Produce,Fresh Origins Micro Green,"7010369
Fresh Origins Micro Green
Green Micro Spectrum Mix 1/8 OZ",1/8 OZ,7010369,https://mediacdn.sysco.com/images/rendition?id=975f695d8fab682735aac88b2a5a79d6f54dd77b&ht=225&wd=225,
Produce,Imperial Fresh,"1675743
Imperial Fresh
Carrots Sticks Fresh 4/5 LB",4/5 LB,1675743,https://mediacdn.sysco.com/images/rendition?id=51690b7c86d40a632a8df176e5a0c442e66d1057,"Imperial Fresh Carrot Sticks come in around 4” long, carrot sticks are the perfect addition to veggie trays and snack platters. They are also the perfect pair to celery and buffalo wings!...
Read More"
Produce,Packer,"3889227
Packer
Onions Sweet Fresh 1/10 LB",1/10 LB,3889227,https://mediacdn.sysco.com/images/rendition?id=7b51bd4d1f4780e518fffde36107f8876392a299,Product description is not available
Produce,Imperial Fresh,"1120625
Imperial Fresh
Celery Fresh 1/24 CT",1/24 CT,1120625,https://mediacdn.sysco.com/images/rendition?id=ce8ee02a9da70b5dd5d05ce9ac1067e109e183b3,"Imperial Fresh naked celery by Sysco Produce offers field-fresh flavor with green stalks and rigid ribs for a crisp snap and crunchy texture. This whole celery is harvested at its peak and delivered fresh for optimal taste....
Read More"
Produce,Imperial Fresh,"1750041
Imperial Fresh
Cauliflower Floret Mini Cut 2/3 LB",2/3 LB,1750041,https://mediacdn.sysco.com/images/rendition?id=35e115fcf01b70ff132e68f16575adce0f833ae9&ht=225&wd=225,
Produce,Reliance Fresh,"3982972
Reliance Fresh
Potato Idaho #2 10 Oz Minimum-size... 1/50 LB",10 Oz,3982972,https://mediacdn.sysco.com/images/rendition?id=a7dc10cb37073c44bf6e8ad259897d8bf9b048eb&ht=225&wd=225,
Produce,Packer,"7115037
Packer
Apple Fresh Cosmic Crisp 1/88 CT",1/88 CT,7115037,,
Produce,Propack,"1911502
Propack
Melon Cantaloupe Fresh 1/9-12CT",1/9-12CT,1911502,https://mediacdn.sysco.com/images/rendition?id=4649d228beecc6f80eeede30a9d49e801c051234&ht=225&wd=225,
Produce,Packer,"4015350
Packer
Cauliflower Fresh Multi-color 1/6 CT",1/6 CT,4015350,https://mediacdn.sysco.com/images/rendition?id=4e9245f6bfa85ffd33e1ae5bda14bc8c209e5c81&ht=225&wd=225,
Produce,Propack,"1354135
Propack
Melon Honeydew Fresh 1/5-6CT",1/5-6CT,1354135,https://mediacdn.sysco.com/images/rendition?id=e38a2d2abfa0810bbd2ff13c201eb1442648207e&ht=225&wd=225,
Produce,Propack,"2036598
Propack
Squash Zucchini Small Fancy Fresh 1/18-24#",,2036598,https://mediacdn.sysco.com/images/rendition?id=607dc75ebf965de39734044ce89e015417d1605f&ht=225&wd=225,
Produce,Imperial Fresh,"4966063
Imperial Fresh
Lettuce Leaf Better Burger 1/10 LB",1/10 LB,4966063,https://mediacdn.sysco.com/images/rendition?id=92758285979fe9822cd91d7eb336ddf009579cca&ht=225&wd=225,
Produce,Imperial Fresh,"1675750
Imperial Fresh
Carrots Matchstick Shredded 4/5LB",4/5LB,1675750,https://mediacdn.sysco.com/images/rendition?id=d0d2cd25a0d1b3b6fd52d302eca722f6189862af&ht=225&wd=225,
Produce,Imperial Fresh,"7409410
Imperial Fresh
Pepper Yellow Bell Fresh 1/5 LB",1/5 LB,7409410,https://mediacdn.sysco.com/images/rendition?id=0206eddc9cdd0c479e5d1ad79da4e819de1c022c&ht=225&wd=225,
Produce,Sysco/freshpoint Natural,"2189819
ONE PLANET. ONE TABLE.
Sysco/freshpoint Natural
Lettuce Romaine Chopped Fresh 6/2 LB",6/2 LB,2189819,https://mediacdn.sysco.com/images/rendition?id=5fba5f755c06e3ad9e5f98f33c5e2e5ae2e30b01&ht=225&wd=225,
Produce,Imperial Fresh,"7197570
Imperial Fresh
Celery Fresh 5/6 CT",5/6 CT,7197570,https://mediacdn.sysco.com/images/rendition?id=dba36f409304ed9599c3d073a6a2825dbdb087a5&ht=225&wd=225,
Produce,Imperial Fresh,"3855293
Imperial Fresh
Melon Watermelon Seedless Fresh 1/1 CT",1/1 CT,3855293,https://mediacdn.sysco.com/images/rendition?id=3e13dca8d6c72242b493809f2afb28379a8d44b2&ht=225&wd=225,
Produce,Imperial Fresh,"1763432
ONE PLANET. ONE TABLE.
Imperial Fresh
Tomato Bulk Packed 5x6 Fresh 1/25 LB",1/25 LB,1763432,https://mediacdn.sysco.com/images/rendition?id=6e79cbbb7e06f91a7b01c76329cf80f68b0ef0e6&ht=225&wd=225,
Produce,Imperial Fresh,"6686679
Imperial Fresh
Avocado Hass Fresh 1/6 CT",1/6 CT,6686679,https://mediacdn.sysco.com/images/rendition?id=049d64b21aa7715ed21cb1e571202c4447542760&ht=225&wd=225,
Produce,Imperial Fresh,"2071751
Imperial Fresh
Broccoli Floret Mini Iceless 4/3 LB",4/3 LB,2071751,https://mediacdn.sysco.com/images/rendition?id=0608925f0e7879130e58c4b109921632f002624a&ht=225&wd=225,
Produce,Imperial Fresh,"1121151
Imperial Fresh
Celery Fresh 1/30 CT",1/30 CT,1121151,https://mediacdn.sysco.com/images/rendition?id=985122eb11d73b93d4a491cba8f2cbdc63ebd9f7&ht=225&wd=225,
Produce,Packer,"1192600
Packer
Mandarin Fresh Easy Peel 10/3 LB",10/3 LB,1192600,https://mediacdn.sysco.com/images/rendition?id=cd2903e71a4015cd7c5aea9033ef51fe4448aa27&ht=225&wd=225,
Produce,Don Diego Bean,"9909909
Don Diego Bean
Tomatillo Whole 6/10 LB",6/10 LB,9909909,https://mediacdn.sysco.com/images/rendition?id=9e4544a1d715d77688fcef112af43334c4308983&ht=225&wd=225,
Produce,Fresh Origins Micro Green,"7010343
Fresh Origins Micro Green
Cilantro Fresh Micro 1/4 OZ",1/4 OZ,7010343,https://mediacdn.sysco.com/images/rendition?id=956139ee86fbcd9b232042fcf42a11727caf6f3e&ht=225&wd=225,
Produce,Imperial Fresh,"7759566
Imperial Fresh
Lettuce Spring Mix 4/3 LB",4/3 LB,7759566,https://mediacdn.sysco.com/images/rendition?id=3a6c5d4ada611d9b4197c7d47be3c07fbe9f328d&ht=225&wd=225,
Produce,Packer,"1362993
Packer
Cilantro Bunch Iceless 5/6 CT",5/6 CT,1362993,https://mediacdn.sysco.com/images/rendition?id=3d05002488ead96c75d7ca47bf31ad3191e13193,Product description is not available
Produce,Imperial Fresh,"4160768
Imperial Fresh
Onions Yellow Diced .25"" 4/5 LB",4/5 LB,4160768,https://mediacdn.sysco.com/images/rendition?id=b6c73ba2b0e730a3e3246a63ed2b799bdf7dd063,"It's time to cut down your labor and amp up your worker safety. At Sysco, we know there is a better way to bring quality onions from the field to your kitchen. It starts and ends with Imperial Fresh Diced Onions....
Read More"
Produce,Imperial Fresh,"6894257
ONE PLANET. ONE TABLE.
Imperial Fresh
Tomato Cherry Fresh 1/6 PT",1/6 PT,6894257,https://mediacdn.sysco.com/images/rendition?id=046b84f3f1e8df0f30ea2937feed23ecb7c994ee,"Sysco Imperial cherry tomatoes. Hand selected for color uniformity.

• Cherry Tomatoes packed in clamshells or baskets, six per case...
Read More"
Produce,Imperial Fresh,"1675545
Imperial Fresh
Lettuce Shredded .25"" Fresh 4/5 LB",4/5 LB,1675545,https://mediacdn.sysco.com/images/rendition?id=14d478a1c30b4cb8da2051281f531f1fc5b9e852&ht=225&wd=225,
Produce,Classic,"3009697
Classic
Potato Sliced Cooked Russet Skinle... 2/10LB",2/10LB,3009697,https://mediacdn.sysco.com/images/rendition?id=1e4d7f661bae7a6b6ab0dd0597b64057768f0522&ht=225&wd=225,
Produce,Local Bounti,"7335549
Local Bounti
Lettuce Spring Mix Fresh 1/3 LB",1/3 LB,7335549,https://image.sysco.com/image-server/product/image/7335549/thumbnail/1.png,
Produce,Imperial Fresh,"1132040
Imperial Fresh
Lettuce Fresh Tender Greens 4/3 LB",4/3 LB,1132040,https://mediacdn.sysco.com/images/rendition?id=163e8c2baef4c5faaf6f5c472b586169c77f9e64&ht=225&wd=225,
Produce,Imperial Fresh,"1543164
Imperial Fresh
Potato Baking Russet 40 Count Fresh 1/50LB",1/50LB,1543164,https://mediacdn.sysco.com/images/rendition?id=879c529a57654e983b25db5862563965a2cba848&ht=225&wd=225,
Produce,Packer,"6922249
Packer
Plums Black Fresh 1/28 LB",1/28 LB,6922249,https://mediacdn.sysco.com/images/rendition?id=3ea4a9f516789d407c72e455fe41d0b18ca32d2f&ht=225&wd=225,
Produce,Propack,"4294294
Propack
Eggplant Fresh 1/18CT",1/18CT,4294294,https://mediacdn.sysco.com/images/rendition?id=9c1f9c04a8d1bd270b52528e23718a6ea3f65b16&ht=225&wd=225,
Produce,Reliance Fresh,"2252013
Reliance Fresh
Lemon Choice Fresh 1/115 CT",1/115 CT,2252013,https://mediacdn.sysco.com/images/rendition?id=4fde7b9a033d1edf36d0e07e3e798adda4b53b63&ht=225&wd=225,
Produce,Imperial Fresh,"7389231
Imperial Fresh
Nectarine Fresh 1/25 CT",1/25 CT,7389231,https://image.sysco.com/image-server/product/image/7389231/thumbnail/1.png,
Produce,Imperial Fresh,"8677718
Imperial Fresh
Jicama Root Fresh 1/5 LB",1/5 LB,8677718,https://mediacdn.sysco.com/images/rendition?id=1f5871051996fc7e08b02f3c17eb7b67c582330a&ht=225&wd=225,
Produce,Propack,"4800233
Propack
Pineapple Fresh Gold Crownless 1/8CT",1/8CT,4800233,https://mediacdn.sysco.com/images/rendition?id=26f9b7c7624564952f4882a15a71a3340fd08017&ht=225&wd=225,
Produce,Casa Solana Imperial,"2752642
Casa Solana Imperial
Guacamole Fresh Pico Blend Package... 6/2 LB",6/2 LB,2752642,https://mediacdn.sysco.com/images/rendition?id=219e9b80667803951417fe4f1c512f5ac5e17548&ht=225&wd=225,
Produce,Imperial Fresh,"6908156
Imperial Fresh
Melon Honeydew Fresh 1/3 CT",1/3 CT,6908156,https://mediacdn.sysco.com/images/rendition?id=8924e3c5a081a6e0e7c363769f426e782ed037fa&ht=225&wd=225,
Produce,Imperial Fresh,"6138929
ONE PLANET. ONE TABLE.
Imperial Fresh
Mushrooms Wild Blended Unsized 1/3LB",1/3LB,6138929,https://mediacdn.sysco.com/images/rendition?id=6d618d3c91eac374aa07dc84592c11c76d56a3d9&ht=225&wd=225,
Produce,Packer,"1362765
Packer
Parsley Italian Bunch Iceless 5/6 CT",5/6 CT,1362765,https://mediacdn.sysco.com/images/rendition?id=9d97c27b9e1887bcfa8ef93e8ec29f8c443914a9&ht=225&wd=225,
Produce,Packer,"1166065
Packer
Beet Red Without Tops Fresh 1/25 LB",1/25 LB,1166065,https://mediacdn.sysco.com/images/rendition?id=3c6b22689889d42e5f9b91f4f3109a634b1da8e3&ht=225&wd=225,
Produce,Imperial Fresh,"2219095
Imperial Fresh
Cilantro Cleaned, Washed & Fresh Herb 4/1 LB",4/1 LB,2219095,https://mediacdn.sysco.com/images/rendition?id=d8a360a55cbd32a9e58c1fdaf16a1421d6d4eba1&ht=225&wd=225,
Produce,Packer,"2697765
Packer
Mushrooms Cello Pack Fresh Local 6/8 OZ",6/8 OZ,2697765,https://mediacdn.sysco.com/images/rendition?id=71d199676fa17fdaac20da6dac5eb32cab80106b&ht=225&wd=225,
Produce,Imperial Fresh,"2004513
Imperial Fresh
Basil Fresh Herb 1/4 OZ",1/4 OZ,2004513,https://mediacdn.sysco.com/images/rendition?id=b07ed3f6c3f9b9dc30d1b7094fd734348070ecfd&ht=225&wd=225,
Produce,Imperial Fresh,"3227980
ONE PLANET. ONE TABLE.
Imperial Fresh
Tomato 2 Layer Fresh 4x4 1/32 CT",1/32 CT,3227980,https://mediacdn.sysco.com/images/rendition?id=b47722fc05749f4124ccda70d236a16a4d77e87d&ht=225&wd=225,
Produce,Reliance Fresh,"7651926
Reliance Fresh
Orange Choice Fresh 113 Count 1/113 CT",1/113 CT,7651926,https://mediacdn.sysco.com/images/rendition?id=9f77496aa823484e74024e7b458a9e21522de441&ht=225&wd=225,
Produce,Sysco/freshpoint Natural,"1675610
ONE PLANET. ONE TABLE.
Sysco/freshpoint Natural
Lettuce Iceberg Trimmed Fresh 4/6 CT",4/6 CT,1675610,https://mediacdn.sysco.com/images/rendition?id=f3a7abba725788f2fcfdeb43a361bf5c281cd602,Product description is not available
Produce,Imperial Fresh,"7198311
Imperial Fresh
Apple Gala Extra Fancy Fresh 8/5 LB",8/5 LB,7198311,https://mediacdn.sysco.com/images/rendition?id=94b4bf39ef6e5a6b24d94122cafec0a05f78a733,"Imperial Fresh Gala apple is crisp, juicy and very sweet. It can vary in color, but it has a very distinctive yellow-orange skin with red striping. While it is ideal for snacking, this variety is also great in salads, baking, pies and sauces. Best Uses: Snacking,...
Read More"
Produce,Classic,"6724249
Classic
Salad Tuna With Celery & Pickles 2/5 LB",2/5 LB,6724249,https://mediacdn.sysco.com/images/rendition?id=ad7cf88d5a7879f9ba8ded63b326e5105347f750,"This Sysco tuna salad is a family favorite is made with flaky, light, water-pack tuna for a mild flavor. Dressed in creamy mayonnaise, crisp celery and sweet pickles...
Read More"
Produce,Packer,"1007509
Packer
Grapefruit Ruby Red Fresh 1/40 CT",1/40 CT,1007509,https://mediacdn.sysco.com/images/rendition?id=2607e2581e0ec7962b41a9463f33605784dbbb33&ht=225&wd=225,
Produce,Propack,"1910231
Propack
Pepper Green Bell Choice Fresh 1/22-25#",,1910231,https://mediacdn.sysco.com/images/rendition?id=23733416d63d65d5fdb89e717b7c4638227dea71&ht=225&wd=225,
Produce,Imperial Fresh,"7201989
Imperial Fresh
Onion Yellow Jumbo Fresh Sack 10/5 LB",10/5 LB,7201989,https://mediacdn.sysco.com/images/rendition?id=10526bfcf132b3f748ad8883bc329d076587c0e5&ht=225&wd=225,
Produce,Imperial Fresh,"1675529
Imperial Fresh
Lettuce Shredded 1/8 Inch Fresh 4/5 LB",4/5 LB,1675529,https://mediacdn.sysco.com/images/rendition?id=6ccb067d9bab4df96d3921e46b045aa60322e65f&ht=225&wd=225,
Produce,Imperial Fresh,"3341070
Imperial Fresh
Onions Red Diced .375"" 2/5 LB",2/5 LB,3341070,https://mediacdn.sysco.com/images/rendition?id=8aca31fb9076d5de6ddb489a39f04edc647ef81b&ht=225&wd=225,
Produce,Imperial Fresh,"2219533
Imperial Fresh
Carrots Coins Cut Fresh 4/5 LB",4/5 LB,2219533,https://mediacdn.sysco.com/images/rendition?id=ed9bf8de6cafa9941b6108d968feb06e8d1d643c&ht=225&wd=225,
Produce,Imperial Fresh,"9027814
Imperial Fresh
Fennel Anise Fresh 1/12 CT",1/12 CT,9027814,https://shop.sysco.com/23490520ea80a701fa97367426c7c12c.svg,
Produce,Resers,"7538382
Resers
Salad Pasta Florentine Bowtie 2/4.5 LB",5 LB,7538382,https://mediacdn.sysco.com/images/rendition?id=f81e0641c55643cef154cacd43b2093694678400&ht=225&wd=225,
Produce,Imperial Fresh,"6640569
Imperial Fresh
Lettuce Green Leaf Crown 1/10 LB",1/10 LB,6640569,https://mediacdn.sysco.com/images/rendition?id=cf7820fded5d283428f90888f0106d3a4dc0591e&ht=225&wd=225,
Produce,Classic,"3009395
Classic
Potato Diced Cooked Russet Skinles... 2/10LB",2/10LB,3009395,https://mediacdn.sysco.com/images/rendition?id=5ffcf3e29df4222dea5ca407196b049fdcf25748&ht=225&wd=225,
Produce,Imperial Fresh,"0812875
Imperial Fresh
Cabbage Diced .375"" X .375"" Separa... 4/5 LB",4/5 LB,0812875,https://mediacdn.sysco.com/images/rendition?id=657f0aa6bccf2b46674bfb60faa4c3c0b7165b13&ht=225&wd=225,
Produce,Sysco/freshpoint Natural Organic,"3629029
ONE PLANET. ONE TABLE.
Sysco/freshpoint Natural Organic
Lettuce Spring Mix Organic Plw 1/3 LB",1/3 LB,3629029,https://mediacdn.sysco.com/images/rendition?id=7373233307d79400f162849185527116e3ec230f&ht=225&wd=225,
Produce,Fresh Origins Micro Green,"7010345
Fresh Origins Micro Green
Green Micro Heart Fire 1/4 OZ",1/4 OZ,7010345,https://mediacdn.sysco.com/images/rendition?id=1b01353dce030a2d33cb5cf40c5534945c6cd7a6&ht=225&wd=225,
Produce,Imperial Fresh,"1763457
ONE PLANET. ONE TABLE.
Imperial Fresh
Tomato Bulk 6 X7 Fresh 1/25 LB",1/25 LB,1763457,https://mediacdn.sysco.com/images/rendition?id=31ee0d79aacb155b0f2b8c0b2ca803286ed0e090&ht=225&wd=225,
Produce,Imperial Fresh,"7134593
Imperial Fresh
Cucumber English Large Seedless 12... 1/12 CT",1/12 CT,7134593,https://mediacdn.sysco.com/images/rendition?id=9c2a0846528b10935266601f54a84bad45b9a1a9&ht=225&wd=225,
Produce,Propack,"4418752
Propack
Asparagus Fresh Standard 1/11 LB",1/11 LB,4418752,https://mediacdn.sysco.com/images/rendition?id=00d5debcaae6f2fc22926b9c949165cb8f3a036f&ht=225&wd=225,
Produce,Imperial Fresh,"1091168
ONE PLANET. ONE TABLE.
Imperial Fresh
Lettuce Romaine Artisan 1/24 CT",1/24 CT,1091168,https://mediacdn.sysco.com/images/rendition?id=6d342fb84970ee19b8c00d555c58e4f7b0c189a5&ht=225&wd=225,
Produce,Packer,"4262820
Packer
Potato Yukon ""b"" Size 5/10#",,4262820,https://mediacdn.sysco.com/images/rendition?id=081f7421d3e8be44cf565a648ae08696739a657e&ht=225&wd=225,
Produce,Imperial Fresh,"1675586
Imperial Fresh
Lettuce Salad Mix Tossed Fresh 4/5 LB",4/5 LB,1675586,https://mediacdn.sysco.com/images/rendition?id=6d31ca738506af803f702a0e1c8b33a321337b5a&ht=225&wd=225,
Produce,Imperial Fresh,"1705813
Imperial Fresh
Lettuce Chopped 1/2"" Fresh 4/5 LB",4/5 LB,1705813,https://shop.sysco.com/23490520ea80a701fa97367426c7c12c.svg,
Produce,Packer,"1983964
Packer
Papaya Fresh 1/10 CT",1/10 CT,1983964,https://mediacdn.sysco.com/images/rendition?id=6717f3f26a64c4a2a941defa822e35d5f12351c9&ht=225&wd=225,
Produce,Propack,"1007350
Propack
Avocado Hass Breaking Fresh 1/48 CT",1/48 CT,1007350,https://mediacdn.sysco.com/images/rendition?id=9cf8ecddbb63adfd47d1aaa7f3e753c513bfc92d,"Propack Fresh Hass avocados are oval-shaped with pebbly skin. The interior flesh is pale green with creamy, yellowish hues near the pit. External defects associated with #1’s include minimal scaring, misshape, sunburn, and off-color. Internal defect...
Read More"
Produce,Imperial Fresh,"1675925
Imperial Fresh
Spinach Clipped Fresh 4/2.5 LB",5 LB,1675925,https://mediacdn.sysco.com/images/rendition?id=5765c53a2231c6302098123257594ff7f4fe0ba0,"Imperial Fresh clipped spinach by Sysco is pre-cut, washed, cleaned and rinsed, ensuring fixed ingredient costs and 100 percent yield. Use this fresh spinach in both cooked and raw applications....
Read More"
Produce,Imperial Fresh,"3629433
Imperial Fresh
Lettuce Spring Mix Conventional Pillow-packed 1/3 LB",1/3 LB,3629433,https://mediacdn.sysco.com/images/rendition?id=28c31efec106981dca3f19fe0ab56cf18fc29d98,"Imperial Fresh spring lettuce mix by Sysco Produce comes pre-cut, cleaned, washed and rinsed, reducing labor costs and prep time with serve-from-the-bag convenience. This hand-picked, bite-sized seasonal mix contains at least 9 varieties of baby l...
Read More"
Produce,Imperial,"2268581
Imperial
Broccoli Fresh Florettes 6/3LB",6/3LB,2268581,https://mediacdn.sysco.com/images/rendition?id=79d4247ff0e0e5f877ccd55fc72d55043a1d93f0&ht=225&wd=225,
Produce,Imperial Fresh,"7386086
Imperial Fresh
Peach Fresh Volume Fill 1/25 CT",1/25 CT,7386086,https://image.sysco.com/image-server/product/image/7386086/thumbnail/1.png,
Produce,Imperial Fresh,"7205826
Imperial Fresh
Potato Fresh Creamer Trio 4/10 LB",4/10 LB,7205826,https://mediacdn.sysco.com/images/rendition?id=944784b673213dfd29f09854c3ee0f6af0642917&ht=225&wd=225,
Produce,Packer,"9521485
Packer
Peach Fresh 1/25 LB",1/25 LB,9521485,https://mediacdn.sysco.com/images/rendition?id=6a9dc13b8dc9d61a3d9deea4fd71fd4c6cd1ba8d&ht=225&wd=225,
Produce,Propack,"1254440
Propack
Banana Fresh Green 1/40 LB",1/40 LB,1254440,https://mediacdn.sysco.com/images/rendition?id=92737953eef15b5ce740d54c6c0223ba5a216d95&ht=225&wd=225,
Produce,Imperial Fresh,"5142072
Imperial Fresh
Arugula Baby Fresh 2/2 LB",2/2 LB,5142072,https://mediacdn.sysco.com/images/rendition?id=44f1fefc16869aa94a374962689374c3cbb1b645&ht=225&wd=225,
Produce,Packer,"0773077
Packer
Lettuce Blend American with Radish 4/5 LB",4/5 LB,0773077,https://mediacdn.sysco.com/images/rendition?id=2b144e8fffb7ba7580a15fdc168a9d4296d7e5c5&ht=225&wd=225,
Produce,Propack,"8119495
Propack
Sweet Baby Broccoli Fresh Iceless 1/18CT",1/18CT,8119495,https://mediacdn.sysco.com/images/rendition?id=c4773d519c8dedf56ccdf4cfc03cf29436fa3db4&ht=225&wd=225,
Produce,Imperial Fresh,"6524078
Imperial Fresh
Celery Diced .25"" 4/5 LB",4/5 LB,6524078,https://mediacdn.sysco.com/images/rendition?id=61807d3ca4e5f30e3f3406d06fdc3136ac5e3257&ht=225&wd=225,
Produce,Imperial Fresh,"2189835
Imperial Fresh
Kale Red Garnishing Ready To Use 2/2.5 LB",5 LB,2189835,https://mediacdn.sysco.com/images/rendition?id=1cdd4fd2bf8b30b5613d0ad19e2ed041dee60844&ht=225&wd=225,
Produce,Imperial Fresh,"1985274
Imperial Fresh
Kale Cleaned Ready To Use 4/2.5 LB",5 LB,1985274,https://mediacdn.sysco.com/images/rendition?id=d136f049471cdf7ec4838d284377bf3c9287550d&ht=225&wd=225,
Produce,Classic,"3094663
Classic
Potato Cooked Mashed Deluxe With B... 4/6 LB",4/6 LB,3094663,https://mediacdn.sysco.com/images/rendition?id=099be07dd91bbfb6d1c2b3191134012c5254fc9c&ht=225&wd=225,
Produce,Packer,"7865427
Packer
Mushrooms Mature Sliced .125"" Local 1/10 LB",1/10 LB,7865427,https://mediacdn.sysco.com/images/rendition?id=b7c67c54abdbe5000bc536a78cb8cdc8c6a3f560&ht=225&wd=225,
Produce,Resers,"7108233
Resers
Potato Diced Ready To Use Frozen 2/10 LB",2/10 LB,7108233,https://mediacdn.sysco.com/images/rendition?id=77eb8259888e70feff85681bcc805053c5d027a7&ht=225&wd=225,
Produce,Packer,"8579876
Packer
Greens Collard Fresh Local 1/12 CT",1/12 CT,8579876,https://mediacdn.sysco.com/images/rendition?id=b9345f2123093368d55987620ef5892df9178263&ht=225&wd=225,
Produce,Imperial Fresh,"6304067
Imperial Fresh
Apple Gala Extra Fancy Fresh 1/125 CT",1/125 CT,6304067,https://mediacdn.sysco.com/images/rendition?id=132fafbd319fd463d308c4af5a8eb5ab033caeb2&ht=225&wd=225,
Produce,Resers,"2942654
Resers
Potato Diced Ready To Use Fresh Sk... 2/10LB",2/10LB,2942654,https://mediacdn.sysco.com/images/rendition?id=17e8c32eb6b1a40af0f7088c0d5d9fca5fab7798&ht=225&wd=225,
Produce,Imperial Fresh,"7350788
Imperial Fresh
Onion Green Iceless 4/2 LB",4/2 LB,7350788,https://mediacdn.sysco.com/images/rendition?id=8a6f6dd6dc52a4d92671aacd5af3b23bc724ad80&ht=225&wd=225,
Produce,Imperial Fresh,"5209622
Imperial Fresh
Pepper Poblano Fresh 1/10 LB",1/10 LB,5209622,https://mediacdn.sysco.com/images/rendition?id=7e1733c3886bed701b58a1fa360c1cca9236bc98&ht=225&wd=225,
Produce,Classic,"3009428
Classic
Potato Hash Browns Cooked Skinless... 2/10LB",2/10LB,3009428,https://mediacdn.sysco.com/images/rendition?id=5e7faeb0c2c09bc0ee55410ed926f7904de76b14&ht=225&wd=225,
Produce,Packer,"6531455
Packer
Apple Fresh Sliced 4/3 LB",4/3 LB,6531455,https://mediacdn.sysco.com/images/rendition?id=2f4589e8c37fef6a9d07cb52e4cd825c73f6e46c&ht=225&wd=225,
Produce,Imperial Fresh,"1675776
Imperial Fresh
Celery Sticks Fresh 4/5 LB",4/5 LB,1675776,https://mediacdn.sysco.com/images/rendition?id=0b6a7c94fe653a8e3fa697df364ffb280f6b0bdb,"With a flavor profile described as “earthy, grassy, astringent, and parsley-like,” Imperial Fresh celery is one of the most versatile vegetables in foodservice kitchens. Washed and ready to serve value-added celery cuts are a convenient option that provi...
Read More"
Produce,Classic,"1034594
Classic
Salad Potato Regular 3/8 LB",3/8 LB,1034594,https://mediacdn.sysco.com/images/rendition?id=af7265f08964f91ea4cc1f435fd1a2bb4e16d901,"Sysco potato salad offers a ready-made side dish with a consistent flavor and appearance so customers know what to expect. Three smaller containers help keep the potato salad fresh while allowing for easy portioning to control food costs....
Read More"
Produce,Reliance Fresh,"8925687
Reliance Fresh
Apple Granny Smith Fancy Fresh 1/80 CT",1/80 CT,8925687,https://mediacdn.sysco.com/images/rendition?id=2378cda7ca99aef9e044c538a4024a8b1de5c587,Product description is not available
Produce,Packer,"5445584
Packer
Pears Anjou Fancy Fresh 1/100 CT",1/100 CT,5445584,https://mediacdn.sysco.com/images/rendition?id=a563b36b72b72bcf83ea93f70b5c97722ff334d8&ht=225&wd=225,
Produce,Imperial Fresh,"0123939
Imperial Fresh
Lettuce Spring Mix Blend Gl 6/2 LB",6/2 LB,0123939,https://mediacdn.sysco.com/images/rendition?id=f5fa88decdfc8d94fefe869355c3370a085c0d8a&ht=225&wd=225,
Produce,Imperial Fresh,"1894387
Imperial Fresh
Kale Fresh Green Shredded 1/8"" Sep... 4/1.5LB",5LB,1894387,https://mediacdn.sysco.com/images/rendition?id=43860bef7a3f22b8fa0299057e990a9c9152d8fa&ht=225&wd=225,
Produce,Packer,"1679950
Packer
Cilantro Fresh 1/4 OZ",1/4 OZ,1679950,https://mediacdn.sysco.com/images/rendition?id=376ed1ebf9859a506389e0272478eadd9e75ca74&ht=225&wd=225,
Produce,Imperial Fresh,"2252021
Imperial Fresh
Lemon Fancy Fresh 1/140 CT",1/140 CT,2252021,https://mediacdn.sysco.com/images/rendition?id=83a1980b8ef30790136c53640bfefb307bf3e2ad&ht=225&wd=225,
Produce,Propack,"1007871
Propack
Blackberries Fresh 12/.5PT",5PT,1007871,https://mediacdn.sysco.com/images/rendition?id=b7198279cf61bbaeebf2aec87c361679d30bd047&ht=225&wd=225,
Produce,Packer,"8463335
Packer
Radish Red Trimmed Local Fresh 14/1 LB",14/1 LB,8463335,https://mediacdn.sysco.com/images/rendition?id=38fcbca6f65a44b7f2f0c7b5c8e2062bab3a8009&ht=225&wd=225,
Produce,Propack,"3584773
Propack
Avocado Hass Breaking #2 Guacamole Pack 1/36-70C",,3584773,https://mediacdn.sysco.com/images/rendition?id=6fae5c0fb48a75f01c8c9b4b8b0c0f2219481658&ht=225&wd=225,
Produce,Imperial Fresh,"8481772
Imperial Fresh
Potato Red B Size #1 Fresh 1/50 LB",1/50 LB,8481772,https://mediacdn.sysco.com/images/rendition?id=a0efaa095f8bc98e18ea984a562cde952a06603b&ht=225&wd=225,
Produce,Imperial Fresh,"7210104
Imperial Fresh
Onion White Jumbo Sack 5/10 LB",5/10 LB,7210104,https://mediacdn.sysco.com/images/rendition?id=ae296d31397492ff4efc023309a519bc40be101a&ht=225&wd=225,
Produce,Imperial Fresh,"2219111
Imperial Fresh
Parsley Cleaned & Washed Fresh Herb 4/1 LB",4/1 LB,2219111,https://mediacdn.sysco.com/images/rendition?id=995e89d52c7cdad7a5cd64d0fb75fd9a388cf2bd&ht=225&wd=225,
Produce,Imperial Fresh,"7289528
Imperial Fresh
Grapefruit Ruby Red Fresh 8/5 LB",8/5 LB,7289528,https://mediacdn.sysco.com/images/rendition?id=d312c399652dc8615cd811db690534db0577e7be&ht=225&wd=225,
Produce,Imperial Fresh,"1675669
Imperial Fresh
Cabbage Greens Shredded Plain Fresh 4/5 LB",4/5 LB,1675669,https://mediacdn.sysco.com/images/rendition?id=8a7a00b908f57d7cb0db171349cf139dd632bc70&ht=225&wd=225,
Produce,Imperial Fresh,"7288619
Imperial Fresh
Apple Asst Variety Extra Fancy 8/5 LB",8/5 LB,7288619,https://mediacdn.sysco.com/images/rendition?id=ab53b482fbf1efc9872b0196b6c7292062f169a6&ht=225&wd=225,
Produce,Packer,"2557967
Packer
Lettuce Fresh Honey Gem Sweet Mix 1/18 CT",1/18 CT,2557967,https://mediacdn.sysco.com/images/rendition?id=26203e5f03364dfb9767ddd00153f7b98549206b&ht=225&wd=225,
Produce,Casa Solana Imperial,"6297594
Casa Solana Imperial
Avocado Hass Fresh Halves Individu... 48/1.5 OZ",5 OZ,6297594,https://mediacdn.sysco.com/images/rendition?id=9165c0bf89eeccb76c73c9f52aa6f957d604b44a&ht=225&wd=225,
Produce,Classic,"3010032
Classic
Potato Cooked Mashed Red Skin Trad... 4/6LB",4/6LB,3010032,https://mediacdn.sysco.com/images/rendition?id=04afc80dca3542a18d2d06168d9b18223e1c8a88&ht=225&wd=225,
Produce,Packer,"7864970
Packer
Mushroom Button Local Fresh 1/10 LB",1/10 LB,7864970,https://mediacdn.sysco.com/images/rendition?id=8205ce63dba4d5549fd651defd8826a2476309f5&ht=225&wd=225,
Produce,Imperial Fresh,"7410848
Imperial Fresh
Kiwi Fruit Fresh 1/12 CT",1/12 CT,7410848,https://mediacdn.sysco.com/images/rendition?id=c304eb139d8ea25f2edd715e13da2adc93629307&ht=225&wd=225,
Produce,Propack,"1000397
Propack
Pepper Green Bell Medium Fresh 1/22-25#",,1000397,https://mediacdn.sysco.com/images/rendition?id=6498546c10b59561e6b52dac8af81748c03f8726&ht=225&wd=225,
Produce,Packer,"1290469
Packer
Kiwi Fruit Fancy Fresh 1/39 CT",1/39 CT,1290469,https://mediacdn.sysco.com/images/rendition?id=0b0a213575be4667ec40a42cd90be749e0a455df&ht=225&wd=225,
Produce,Imperial Fresh,"2004810
Imperial Fresh
Rosemary Fresh Herb 1/4 OZ",1/4 OZ,2004810,https://mediacdn.sysco.com/images/rendition?id=c2ee660f3f544df8e9c6521eaa1c38e76cb02dfc,"This Imperial Fresh ash-colored evergreen shrub has a pungent, pine like fragrance. It has scaly bark and opposite, narrow, leathery leaves, which are thick and dark green on the top and downy white underneath. Prominent veins run down the middle...
Read More"
Produce,Packer,"4906491
Packer
Apple Fresh Pink Lady 1/100 CT",1/100 CT,4906491,https://mediacdn.sysco.com/images/rendition?id=6ec6fd95dcad9d07428a98b1e5f8db497883e9f3,Product description is not available
Produce,Packer,"1221191
Packer
Tomato Fresh Heirloom 1/10 LB",1/10 LB,1221191,https://mediacdn.sysco.com/images/rendition?id=26514a2797f695f4ffedb309fc13a0475de22597,Product description is not available
Produce,Packer,"7982622
Packer
Garlic Cloves Dry Roasted 6/3 LB",6/3 LB,7982622,https://mediacdn.sysco.com/images/rendition?id=305689bae3fc28137e47cbb299c1dddb860ba4a6&ht=225&wd=225,
Produce,Imperial Fresh,"1394196
ONE PLANET. ONE TABLE.
Imperial Fresh
Mushrooms Wild Bunch Blend Sliced 1/5 LB",1/5 LB,1394196,https://mediacdn.sysco.com/images/rendition?id=a39f7bcfd9e9d5e1409ec466d81040b8e3670206&ht=225&wd=225,
Produce,Propack,"3460557
Propack
Asparagus Fresh Large 1/11 LB",1/11 LB,3460557,https://mediacdn.sysco.com/images/rendition?id=871792f29491673c98a8ae6e770c02f92b9d3d8c&ht=225&wd=225,
Produce,Imperial Fresh,"9516915
Imperial Fresh
Onions Yellow Diced .5"" 4/5 LB",4/5 LB,9516915,https://mediacdn.sysco.com/images/rendition?id=7af447e1655f5e63ea57f1c6dfdc05822154939d&ht=225&wd=225,
Produce,Simply Potato,"1906850
Simply Potato
Potato Red Skin Large Diced 2/10 LB",2/10 LB,1906850,https://mediacdn.sysco.com/images/rendition?id=26000919cf738f53096c088ab6ee9192db59d7d5&ht=225&wd=225,
Produce,Imperial Fresh,"2203024
ONE PLANET. ONE TABLE.
Imperial Fresh
Tomato Cherry Fresh 12/1 PT",12/1 PT,2203024,https://mediacdn.sysco.com/images/rendition?id=5d9a22666507935e556064ea0c26d205eb032b6d&ht=225&wd=225,
Produce,Wholly Avocado,"5840230
Wholly Avocado
Avocado Pulp Chunky 8/2 LB",8/2 LB,5840230,https://mediacdn.sysco.com/images/rendition?id=81e1ae2fb3fb2cd133497fa64302ea204c36f0f6&ht=225&wd=225,
Produce,Imperial Fresh,"2004547
Imperial Fresh
Basil Fresh Herb 1/1 LB",1/1 LB,2004547,https://mediacdn.sysco.com/images/rendition?id=ff004f2174bf3fbe6dd366284dbca0dc1edef0e1&ht=225&wd=225,
Produce,Classic,"6528160
Classic
Salad Pasta California 2/5 LB",2/5 LB,6528160,https://mediacdn.sysco.com/images/rendition?id=b753c3e6725f1056c7a330b340caa300fc17dd8d&ht=225&wd=225,
Produce,Imperial Fresh,"4925697
Imperial Fresh
Melon Mix Cantalope/honeydew/watermelon 1/3 CT",1/3 CT,4925697,https://shop.sysco.com/23490520ea80a701fa97367426c7c12c.svg,
Produce,Classic,"1000207
Classic
Salad Macaroni Classic 3/8 LB",3/8 LB,1000207,https://mediacdn.sysco.com/images/rendition?id=28711d8e7101fe9bc82758a34810177004a6dd4f&ht=225&wd=225,
Produce,Packer,"1496348
Packer
Potato Russet Poly-bag Fresh 5/10#",,1496348,https://mediacdn.sysco.com/images/rendition?id=98189f502eb4ef9b747178dd4b576e04adf05b7d&ht=225&wd=225,
Produce,Imperial Fresh,"5902929
ONE PLANET. ONE TABLE.
Imperial Fresh
Mushrooms Oyster White #1 Fresh 1/5LB",1/5LB,5902929,https://mediacdn.sysco.com/images/rendition?id=937e3243a15d7d8164d369f4d9db4d7e310ac9d6&ht=225&wd=225,
Produce,Propack,"7464019
Propack
Apple Fuji Fancy Fresh 1/88 CT",1/88 CT,7464019,https://mediacdn.sysco.com/images/rendition?id=5286be28abfcf5c1bebc8e8e2d7a354c3c487a7b&ht=225&wd=225,
Produce,Imperial Fresh,"7078370
Imperial Fresh
Kale Baby 2/1.5 LB",5 LB,7078370,https://mediacdn.sysco.com/images/rendition?id=9ad12e15209f8860001d120e6512918a86d96c2f&ht=225&wd=225,
Produce,Propack,"0668768
Propack
Grapes Red Seedless Extra Large 1/CTN",,0668768,https://mediacdn.sysco.com/images/rendition?id=98d50b10d3e39eb3bd1f45a9e7577f62de62db8a&ht=225&wd=225,
Produce,Imperial Fresh,"6524086
Imperial Fresh
Celery Diced 3/8 Inch 4/5 LB",4/5 LB,6524086,https://mediacdn.sysco.com/images/rendition?id=c511f1510d8f4aa5520203fa0a7334323dbcd31a&ht=225&wd=225,
Produce,Classic,"1568369
Classic
Salad Coleslaw Shreds 2/7 LB",2/7 LB,1568369,https://mediacdn.sysco.com/images/rendition?id=0601085594d3144cb124a5b4f7a67f3cc74c0b28&ht=225&wd=225,
Produce,Penny's Salsa Co,"7741952
Penny's Salsa Co
Tomato Diced Fresh 1/25 LB",1/25 LB,7741952,https://mediacdn.sysco.com/images/rendition?id=a4f8b3bc40014889b2231c0be0ce7be6c546825b&ht=225&wd=225,
Produce,Packer,"1061241
Packer
Radish Red Trimmed & Cleaned Fresh 4/5 LB",4/5 LB,1061241,https://mediacdn.sysco.com/images/rendition?id=5ba96cf5a49c5df0c14891d58ca17bb5a2706dcd&ht=225&wd=225,
Produce,Imperial Fresh,"9903659
Imperial Fresh
Potato Yukon Gold A Size #1 1/50 LB",1/50 LB,9903659,https://mediacdn.sysco.com/images/rendition?id=1397635d78a457762c0bf3d8f8a91924c976ba90&ht=225&wd=225,
Produce,Propack,"6485692
Propack
Avocado Green Fresh 1/60 CT",1/60 CT,6485692,https://mediacdn.sysco.com/images/rendition?id=7f6cdcc3932a99063ce5f830421faf3b9594c7d0,Product description is not available
Produce,Propack,"1049055
Propack
Pepper Serrano Fresh 1/10 LB",1/10 LB,1049055,https://mediacdn.sysco.com/images/rendition?id=13b5788197912a6580e359c438ebb7249bdaae0b,Product description is not available
Produce,Packer,"5541909
Packer
Potato Yukon Gold Number 2 1/50 LB",1/50 LB,5541909,https://mediacdn.sysco.com/images/rendition?id=19f989051058920a7d9eaa517c55c1275fe0e2ac,Product description is not available
Produce,Packer,"2085058
Packer
Sprouts Bean Fresh 4/5 LB",4/5 LB,2085058,https://mediacdn.sysco.com/images/rendition?id=19b279d702b1df09e1c3f83b65e5fbe9ebc7ed87&ht=225&wd=225,
Produce,Packer,"8485399
Packer
Squash Butternut Cubed 1"" 4/3 LB",4/3 LB,8485399,https://mediacdn.sysco.com/images/rendition?id=d76e18b6aca37225265274cac717bfaf6607f0f6&ht=225&wd=225,
Produce,Propack,"1000314
Propack
Cucumbers Select Fresh 1/45-50#",,1000314,https://mediacdn.sysco.com/images/rendition?id=f3173816a5cd3a34a09cdf8111f7f53d4c63106b&ht=225&wd=225,
Produce,Imperial Fresh,"1094697
Imperial Fresh
Onions White Jumbo Bag 1/50LB",1/50LB,1094697,https://mediacdn.sysco.com/images/rendition?id=06f994369aa5ffaa9b2b47b0bb07695415be4a28&ht=225&wd=225,
Produce,Imperial Fresh,"1763440
ONE PLANET. ONE TABLE.
Imperial Fresh
Tomato Bulk Packed 6x6 Fresh 1/25 LB",1/25 LB,1763440,https://mediacdn.sysco.com/images/rendition?id=7e11b788ca6918519a52e12b0f901c296b824743&ht=225&wd=225,
Produce,Packer,"8339590
Packer
Carrots Baby With Tops Hand Peeled 1/5 LB",1/5 LB,8339590,https://mediacdn.sysco.com/images/rendition?id=edf52680a3f81fccaa6e873993a88bfb3ce89f02&ht=225&wd=225,
Produce,Imperial Fresh,"7198305
Imperial Fresh
Apple Granny X-fancy Fresh 8/5LB",8/5LB,7198305,https://mediacdn.sysco.com/images/rendition?id=2949ed7b29205debfc9ce2356ef088900c56d57f&ht=225&wd=225,
Produce,Classic,"4109310
ONE PLANET. ONE TABLE.
Classic
Beet Diced Fancy 6/#10",,4109310,https://mediacdn.sysco.com/images/rendition?id=27ec7c6a9f33449029f00a7c35aefeda73086382&ht=225&wd=225,
Produce,Imperial Fresh,"6908206
Imperial Fresh
Pepper Jalapeno Fresh 1/1 LB",1/1 LB,6908206,https://mediacdn.sysco.com/images/rendition?id=3f4885e033fe6dbe0f604be281c25b47bece371b&ht=225&wd=225,
Produce,Imperial Fresh,"8481756
Imperial Fresh
Potato Red A Size Crtn 1/50 LB",1/50 LB,8481756,https://mediacdn.sysco.com/images/rendition?id=f7033278534e79da4b64b18301705fecc897b7d5&ht=225&wd=225,
Produce,Imperial Fresh,"5209358
Imperial Fresh
Tomatillo Fresh 1/10 LB",1/10 LB,5209358,https://mediacdn.sysco.com/images/rendition?id=a42c22dee72e4c68bd6e06ad72a55b1f8deba4f4&ht=225&wd=225,
Produce,Packer,"7865106
Packer
Mushrooms Fresh Medium Local 1/10 LB",1/10 LB,7865106,https://mediacdn.sysco.com/images/rendition?id=6c83ce309e0949de73243f65cc68ceeb1129ea06&ht=225&wd=225,
Produce,Packer,"2197905
Packer
Pomegranate Fresh 1/10/12",,2197905,https://mediacdn.sysco.com/images/rendition?id=2fb065e8583c33128ea5eb104b553570417a4d1a&ht=225&wd=225,
Produce,Imperial Fresh,"2422863
Imperial Fresh
Kale Fresh 1/24CT",1/24CT,2422863,https://mediacdn.sysco.com/images/rendition?id=bd9305a14443cbd36dc9d9e3254911fbf6edcc7a&ht=225&wd=225,
Produce,Packer,"9173196
Packer
Melon Watermelon Seedless Fresh 1/4-5 CT",1/4-5 CT,9173196,https://mediacdn.sysco.com/images/rendition?id=b1766547af577dc4392b35010e71efc1784d970e&ht=225&wd=225,
Produce,Classic,"3009998
Classic
Potato Cooked Mashed Yukon Gold 4/6LB",4/6LB,3009998,https://mediacdn.sysco.com/images/rendition?id=2b7de8d7e8672081f4cd6c3416c5ac55817b8a7b&ht=225&wd=225,
Produce,Imperial Fresh,"3473562
Imperial Fresh
Brussel Sprout Halved 2/5 LB",2/5 LB,3473562,https://mediacdn.sysco.com/images/rendition?id=6fe8fa078da047ebc9661a62e27422995e4b378e&ht=225&wd=225,
Produce,Imperial Fresh,"2058881
Imperial Fresh
Chives Fresh Herb 1/1 LB",1/1 LB,2058881,https://mediacdn.sysco.com/images/rendition?id=69f88c3e30929c35517e80cc6fbb5eb9ef8bb8e6&ht=225&wd=225,
Produce,Imperial Fresh,"2005262
Imperial Fresh
Thyme Fresh Herb 1/4 OZ",1/4 OZ,2005262,https://mediacdn.sysco.com/images/rendition?id=6179d51678d9a4df995bb00774f673894ca43384&ht=225&wd=225,
Produce,Packer,"7641483
Packer
Beet Fresh Gold 1/25 LB",1/25 LB,7641483,https://mediacdn.sysco.com/images/rendition?id=0875eb802f41dd7f1a4cf109b70378fb9ada83df&ht=225&wd=225,
Produce,Packer,"7716913
Packer
Bok Choy Baby Fresh 1/10 LB",1/10 LB,7716913,https://mediacdn.sysco.com/images/rendition?id=0761c2bd1defb7ef856546a6aaf7d222f9d74ed9&ht=225&wd=225,
Produce,Casa Solana Imperial,"7131892
Casa Solana Imperial
Avocado Pulp Casa Solana Fresh Hand Scooped Chunk 8/2 Pound 8/2 LB",8/2 LB,7131892,https://mediacdn.sysco.com/images/rendition?id=b075612497bbfea092036003826b167ff3d2e6c3,"Made with only 100% Mexican Hass Avocados for fresh appeal and rich flavor, Casa Solana avocado products are as close to fresh as you can get. And with 100% usability, you can reduce waste and control food costs. They’re ready to eat, using H...
Read More"
Produce,Propack,"0668956
Propack
Grapes Green Seedless Extra Large 1/CTN",1/CTN,0668956,https://mediacdn.sysco.com/images/rendition?id=a8ffa90b703fa71ec635ae134c12a18c9788c9b4,Product description is not available
Produce,Reliance Fresh,"3757358
ONE PLANET. ONE TABLE.
Reliance Fresh
Mushrooms Shiitake #2 Fresh 1/5 LB",1/5 LB,3757358,https://mediacdn.sysco.com/images/rendition?id=61fcf8f48ececf3c1f1fa199ead2709d2b3205b1,Product description is not available
Produce,Casa Solana Imperial,"9420530
Casa Solana Imperial
Guacamole Fresh Original Blend Packaged/pouch 4/2 LB",4/2 LB,9420530,https://mediacdn.sysco.com/images/rendition?id=4fb4813627f908f7180b2667e34b2750097fa555&ht=225&wd=225,
Produce,Packer,"1362963
Packer
Parsley Bunch Iceless 5/6 CT",5/6 CT,1362963,https://mediacdn.sysco.com/images/rendition?id=0d088f0fd86e2da9a5ce54a7b4441e68b6ff7bf3&ht=225&wd=225,
Produce,Imperial Fresh,"9927799
Imperial Fresh
Pepper Jalapeno Fresh 1/10 LB",1/10 LB,9927799,https://mediacdn.sysco.com/images/rendition?id=bddec70f48b6c205c2c101b868ec10a71a5a0252&ht=225&wd=225,
Produce,Reliance Fresh,"7152564
Reliance Fresh
Potato Sweet Jumbo 1/40 LB",1/40 LB,7152564,https://mediacdn.sysco.com/images/rendition?id=fc5d00626e4e5ac0c633c778c8c13633ae3939d4&ht=225&wd=225,
Produce,Imperial Fresh,"2648327
ONE PLANET. ONE TABLE.
Imperial Fresh
Broccoli Fancy Fresh Iceless 1/14 CT",1/14 CT,2648327,https://mediacdn.sysco.com/images/rendition?id=3b4bda3d2c8aa8a3d5bbd32d7818d4eb3068caba&ht=225&wd=225,
Produce,Imperial Fresh,"2004844
Imperial Fresh
Rosemary Fresh Herb 1/1 LB",1/1 LB,2004844,https://mediacdn.sysco.com/images/rendition?id=f26abee0a0b1d0eff7811aad166f3e73b5e7c83a&ht=225&wd=225,
Produce,Packer,"9142548
Packer
Cabbage Greens Local 1/45 LB",1/45 LB,9142548,https://mediacdn.sysco.com/images/rendition?id=63811b948066099c988e2445f46ccb9f47132dfa&ht=225&wd=225,
Produce,Mama Lil's,"3312990
Mama Lil's
Pepper Hot Goathorn Sweet Brne 4/6.75LB",75LB,3312990,https://mediacdn.sysco.com/images/rendition?id=c42a0805f57b232b2591fe64d0103195bd23b67e&ht=225&wd=225,
Produce,Packer,"3812807
Packer
Onions Sweet Fresh 1/40 LB",1/40 LB,3812807,https://mediacdn.sysco.com/images/rendition?id=45a3887bb91a04c64c20931d5c04c4ee0e6dde50&ht=225&wd=225,
Produce,Propack,"4673549
Propack
Potato Red A Sz #2 Cartn 1/50 LB",1/50 LB,4673549,https://mediacdn.sysco.com/images/rendition?id=4d93e80e722c1422829cb552dfbe6980d8af0472&ht=225&wd=225,
Produce,Fresh Origins Micro Green,"7010359
Fresh Origins Micro Green
Green Micro Shiso Red 1/4 OZ",1/4 OZ,7010359,,
Produce,Resers,"7868037
Resers
Potato Mashed Cooked Gourmet 4/5 LB",4/5 LB,7868037,https://mediacdn.sysco.com/images/rendition?id=85b2919ae07dc4a9f9e37d6da402d0794be6f4e0&ht=225&wd=225,
Produce,Imperial Fresh,"7078475
Imperial Fresh
Cilantro Bunch Iceless 1/30 CT",1/30 CT,7078475,https://mediacdn.sysco.com/images/rendition?id=fed0ca2ee3a9f916fadd6876814ec4bbdd43f0a7&ht=225&wd=225,
Produce,Packer,"7680291
Packer
Carrots Baby Peeled Tri - Color 1/5 LB",1/5 LB,7680291,https://mediacdn.sysco.com/images/rendition?id=36e015787edf79e71caca9721bce3a94ca210e26&ht=225&wd=225,
Produce,Imperial Fresh,"2058840
Imperial Fresh
Chives Fresh Herb 1/4 OZ",1/4 OZ,2058840,https://mediacdn.sysco.com/images/rendition?id=c0b3c76d73ca7adf8203b0fea7d359e5f57b6f3a&ht=225&wd=225,
Produce,Imperial Fresh,"1908367
Imperial Fresh
Cabbage Green Foodservice 1/3 CT",1/3 CT,1908367,https://mediacdn.sysco.com/images/rendition?id=4b4ec5df57094e89368615809fb696dfaeb59132&ht=225&wd=225,
Produce,Propack,"8317453
Propack
Brussel Sprouts Iceless 1/25 LB",1/25 LB,8317453,https://mediacdn.sysco.com/images/rendition?id=a9c73ca2b383922e636692190ff9b96a872badde&ht=225&wd=225,
Produce,Propack,"0668687
Propack
Grapes Red Seedless Portion Pack 1/CTN",,0668687,https://mediacdn.sysco.com/images/rendition?id=208a0b45f95a9c7ff25a117c374c88d52a137fc3&ht=225&wd=225,
Produce,Imperial Fresh,"2315422
Imperial Fresh
Lemon Grass Fresh Herb 1/1 LB",1/1 LB,2315422,https://mediacdn.sysco.com/images/rendition?id=6d180a93d6eb4de21ec409a04de5b216d0bc9351&ht=225&wd=225,
Produce,Local Bounti,"7347294
Local Bounti
Bok Choy Baby Leaf Fresh 1/3 LB",1/3 LB,7347294,,
Produce,Sysco/freshpoint Natural,"2416691
ONE PLANET. ONE TABLE.
Sysco/freshpoint Natural
Lettuce Romaine Heart Fresh 4/12CT",4/12CT,2416691,https://mediacdn.sysco.com/images/rendition?id=6d6c4ff4da00a3e2c0ca563839359c12f2ac693a&ht=225&wd=225,
Produce,Local Bounti,"7335552
Local Bounti
Lettuce Baby Romaine Fresh 4/3 LB",4/3 LB,7335552,https://cdn.shop.sysco.com/img/sustainability.svg,Product description is not available
Produce,Imperial Fresh,"2005148
Imperial Fresh
Dill Baby Fresh Herb 1/1 LB",1/1 LB,2005148,https://mediacdn.sysco.com/images/rendition?id=4b1b243171aacb651033fea9b7ad48c4e20a3fc1,"Imperial fresh cut baby dill by Sysco is great for adding flavor and color to prepared dishes. Simply wash and chop the dill and sprinkle into your salads or on top of fish dishes for an upscale presentation....
Read More"
Produce,Sysco/freshpoint Natural,"7089040
Sysco/freshpoint Natural
Bean Black Fresh Ready To Eat 6/4 LB",6/4 LB,7089040,https://mediacdn.sysco.com/images/rendition?id=78271e771e01d64cad961414770b2dfc64f53c0a,"Sysco Fresh Point Natural Black beans are kettle-cooked al dente and ready to use in further recipes right out of the bag. Each vacuum-sealed pouch saves valuable prep time, storage space and reduces waste....
Read More"
Produce,Imperial Fresh,"1675719
Imperial Fresh
Cabbage Red Shredded Fresh 4/5 LB",4/5 LB,1675719,https://mediacdn.sysco.com/images/rendition?id=582fce52a5e51224e5e7dabaae400216384b5c11&ht=225&wd=225,
Produce,Imperial Fresh,"2005312
Imperial Fresh
Oregano Fresh Herb 1/4 OZ",1/4 OZ,2005312,https://mediacdn.sysco.com/images/rendition?id=e1fe845c836575c1b322af7053cb9e3a4d2c32bd&ht=225&wd=225,
Produce,Imperial Fresh,"1675933
Imperial Fresh
Spinach Stems - Off Fresh 4/2.5 LB",5 LB,1675933,https://mediacdn.sysco.com/images/rendition?id=78ea8f2d6aa16aa073880821c005f50a059b328c&ht=225&wd=225,
Produce,Propack,"1420330
Propack
Pepper Greens Bell Large Fresh 1/22-25#",,1420330,https://mediacdn.sysco.com/images/rendition?id=4915df0da7ea84410dc617753af43b68898545ae&ht=225&wd=225,
Produce,Packer,"2581870
Packer
Pepper Greens Bell Diced .375"" 2/5#",,2581870,https://mediacdn.sysco.com/images/rendition?id=dbc6867dcace05464e8871d57e917772e731123d&ht=225&wd=225,
Produce,Imperial Fresh,"6908123
Imperial Fresh
Eggplant Whole Fresh 1/3 CT",1/3 CT,6908123,https://mediacdn.sysco.com/images/rendition?id=9d155696c793f0675ade1a5c80a8ece66aa569e8&ht=225&wd=225,
Produce,Sysco/freshpoint Natural,"7089051
Sysco/freshpoint Natural
Bean Garbanzo Fresh Ready To Eat 6/4 LB",6/4 LB,7089051,https://mediacdn.sysco.com/images/rendition?id=085ee859de8a445fef3ea027bb2ce75f214c0add&ht=225&wd=225,
Produce,Imperial Fresh,"1276814
Imperial Fresh
Cabbage Greens Fine Shredded With Bag 4/5 LB",4/5 LB,1276814,https://mediacdn.sysco.com/images/rendition?id=a1b3755bd7349fa928e382103bbfb5efe70c8381&ht=225&wd=225,
Produce,Imperial Fresh,"2308153
Imperial Fresh
Cabbage Napa Fresh 1/3 CT",1/3 CT,2308153,https://mediacdn.sysco.com/images/rendition?id=b25e7479428b63c04019f6e6c1b2e2708d3884c1&ht=225&wd=225,
Produce,Classic,"3010024
Classic
Potato Cooked Mashed Red Skin-on Garlic 4/6LB",4/6LB,3010024,https://mediacdn.sysco.com/images/rendition?id=ace4c915caf276162a5cfee41122dcdedccb1b0a&ht=225&wd=225,
Produce,Propack,"1190198
Propack
Tomatillo Fresh 1/35-40#",,1190198,https://mediacdn.sysco.com/images/rendition?id=9ee8f29783b1b8b548c571e98f2bbecd65b29ea7&ht=225&wd=225,
Produce,Packer,"2195899
Packer
Parsnips Bulk 1/25 LB",1/25 LB,2195899,https://image.sysco.com/image-server/product/image/2195899/thumbnail/1.png,
Produce,Propack,"1776780
Propack
Pepper Poblano Fresh 1/18-22#",,1776780,https://mediacdn.sysco.com/images/rendition?id=b67f3e099ce6668c19681a2045a9f5c3f858fd43&ht=225&wd=225,
Produce,Classic,"4000782
Classic
Salad Three Bean Fancy 6/111 OZ",6/111 OZ,4000782,https://mediacdn.sysco.com/images/rendition?id=ed16109d5012bb9e7d6d25b90de686cd7af5f3dc&ht=225&wd=225,
Produce,Packer,"1259225
Packer
Carrots Cello Pack Fresh 10/5 LB",10/5 LB,1259225,https://mediacdn.sysco.com/images/rendition?id=0cac4cc007435a5b1881e278c27052edb224e091&ht=225&wd=225,
Produce,Packer,"4612974
Packer
Date Medjool Jumbo 1/11#",,4612974,https://mediacdn.sysco.com/images/rendition?id=e8c94a231f33431f84d7c10644c975942ee4782f&ht=225&wd=225,
Produce,Imperial Fresh,"7353470
Imperial Fresh
Lemon Fresh Bagged 18/2LB",18/2LB,7353470,https://image.sysco.com/image-server/product/image/7353470/thumbnail/1.png,
Produce,Imperial Fresh,"6640494
Imperial Fresh
Lettuce Romaine Crowns Leaves 1/10 LB",1/10 LB,6640494,https://mediacdn.sysco.com/images/rendition?id=01685558cfa0351466024a765d0e07a299b6911b&ht=225&wd=225,
Produce,Don Pancho,"7321243
Don Pancho
Pepper Pod Guajillo 1/5#",,7321243,https://mediacdn.sysco.com/images/rendition?id=2ccd88db05b071b2fdd04331f7bdced6d3329393&ht=225&wd=225,
Produce,Imperial Fresh,"8474538
Imperial Fresh
Spinach Baby Fresh 1/4 LB",1/4 LB,8474538,https://mediacdn.sysco.com/images/rendition?id=ea93b4e1488a9b30279dc1c5145b05d327a54f4e&ht=225&wd=225,
Produce,Local Bounti,"7335746
Local Bounti
Lettuce Baby Butter Leaf Fresh 4/3 LB",4/3 LB,7335746,https://image.sysco.com/image-server/product/image/7335746/thumbnail/1.png,
Produce,Reliance Fresh,"8925729
Reliance Fresh
Apple Granny Smith Fancy Fresh 1/125 CT",1/125 CT,8925729,https://mediacdn.sysco.com/images/rendition?id=2e686c1f1c354aaa001b09f0a0c6e364f6ae3273,Product description is not available
Produce,Imperial Fresh,"3295185
Imperial Fresh
Onions Yellow Slivered .125"" 4/5 LB",4/5 LB,3295185,https://mediacdn.sysco.com/images/rendition?id=3c3966f0f25c0f7a8af032031b71e82c580602c6,"The switch to a fresh cut onion product can be intimidating, but the truth is that Imperial Fresh Slivered Onions add value and cut costs. With our slivered onions, you guarantee yourself a consistent cut, price, and yield every time you order. What you p...
Read More"
Produce,Classic,"3009929
Classic
Potato Cooked Mashed Russet Traditional 4/6LB",4/6LB,3009929,https://mediacdn.sysco.com/images/rendition?id=4ca9527aa268e7ccb9565a53ff852370070a925a,"Sysco Classic refrigerated mashed potatoes offer the fresh taste and creamy texture of traditional mashed potatoes without the time and labor involved in making them from scratch. Serve these mashed potatoes with gravy or other ingredients as a...
Read More"
Produce,Propack,"1804830
Propack
Banana Over Ripe Fresh 1/40 LB",1/40 LB,1804830,https://image.sysco.com/image-server/product/image/1804830/thumbnail/1.png,
Produce,Penny's Salsa Co,"6864007
Penny's Salsa Co
Onion Red Sliced 3/16"" 4/5 LB",4/5 LB,6864007,https://mediacdn.sysco.com/images/rendition?id=28ebd87c24f28cfedefaf76713e931c24db4f0ce&ht=225&wd=225,
Produce,Sysco/freshpoint Natural,"1723816
ONE PLANET. ONE TABLE.
Sysco/freshpoint Natural
Lettuce Romaine Fresh Whole Liner 1/24CT",1/24CT,1723816,https://mediacdn.sysco.com/images/rendition?id=f15135c2698de28740400059428b129bd2daae16&ht=225&wd=225,
Produce,Imperial Fresh,"6902373
Imperial Fresh
Radish Daikon Fresh 1/5 LB",1/5 LB,6902373,https://mediacdn.sysco.com/images/rendition?id=e07b2957c935b6f6c3ce7eec5da9c8e6a31a6d78&ht=225&wd=225,
Produce,Packer,"6482566
Packer
Potato Red B Size 5/10 LB",5/10 LB,6482566,https://image.sysco.com/image-server/product/image/6482566/thumbnail/1.png,
Produce,Reliance Fresh,"6466180
Reliance Fresh
Lemon Choice Fresh Fixed 1/235 CT",1/235 CT,6466180,https://mediacdn.sysco.com/images/rendition?id=069c11719fb538b59903308dc04e60d225a5c3b5&ht=225&wd=225,
Produce,Imperial Fresh,"2005296
Imperial Fresh
Thyme Fresh Herb 1/1 LB",1/1 LB,2005296,https://mediacdn.sysco.com/images/rendition?id=3578dd3e827ff31e8ed67d85cc8c50a087076e70&ht=225&wd=225,
Produce,Packer,"1060953
Packer
Lettuce Radicchio Foodservice Fresh 1/12 CT",1/12 CT,1060953,https://mediacdn.sysco.com/images/rendition?id=c96fcef576f2475996c24738244bc029268145a7&ht=225&wd=225,
Produce,Imperial Fresh,"3341138
Imperial Fresh
Onions Whole Sliced .1875"" Red 2/5 LB",2/5 LB,3341138,https://mediacdn.sysco.com/images/rendition?id=67bf7cf1dae0480008db4aafb6931c557fed9910&ht=225&wd=225,
Produce,Imperial Fresh,"3125588
Imperial Fresh
Mushroom Port Medium W/stem Fresh 1/5 LB",1/5 LB,3125588,https://mediacdn.sysco.com/images/rendition?id=a6c3280f2e4d875b835f7edeaa71ca74d80c0951&ht=225&wd=225,
Produce,Block & Barrel Classic,"7578743
Block & Barrel Classic
Sauerkraut Kosher 1/2 GAL",1/2 GAL,7578743,https://mediacdn.sysco.com/images/rendition?id=1c3056df43c328dfdb5117c434fae8d069ed9c2a&ht=225&wd=225,
Produce,Imperial Fresh,"2144111
Imperial Fresh
Jicama Root 1/20 LB",1/20 LB,2144111,https://mediacdn.sysco.com/images/rendition?id=c619d35b1a5890192503f76b0fbe4220f9a0b342&ht=225&wd=225,
Produce,Imperial Fresh,"9576307
Imperial Fresh
Potato Sweet 1/10 LB",1/10 LB,9576307,https://mediacdn.sysco.com/images/rendition?id=f184dc56c007395a289865c46f5589b3ef3ecc79&ht=225&wd=225,
Produce,Imperial Fresh,"7108959
Imperial Fresh
Pepper Serrano In Bag 1/1 LB",1/1 LB,7108959,https://mediacdn.sysco.com/images/rendition?id=bf2fdfff59a0b0fe0c8e961268969136ce7f6f59&ht=225&wd=225,
Produce,Packer,"7865084
Packer
Mushrooms Fresh Medium Local 1/5 LB",1/5 LB,7865084,https://mediacdn.sysco.com/images/rendition?id=4c6a6cc3a758d1d30a154fbf596adfa2749addc1&ht=225&wd=225,
Produce,Packer,"2096667
Packer
Pepper Habanero Fresh 1/5 LB",1/5 LB,2096667,https://mediacdn.sysco.com/images/rendition?id=8432ad499b54b56f95c72335ef47a3042258d333&ht=225&wd=225,
Produce,Block & Barrel Classic,"7577182
Block & Barrel Classic
Sauerkraut Kosher 1/5 GAL",1/5 GAL,7577182,https://mediacdn.sysco.com/images/rendition?id=e64de11cf8323712e3dec3a3fcaddf798ccdd023&ht=225&wd=225,
Produce,Imperial Fresh,"1243724
ONE PLANET. ONE TABLE.
Imperial Fresh
Cauliflower Cello Wrapped Fresh 12/1EA",12/1EA,1243724,https://mediacdn.sysco.com/images/rendition?id=cf9bcaaacfd14fec05d6f3c9a26087d4bae8f8b9&ht=225&wd=225,
Produce,Packer,"1255140
Packer
Onions Red Whole Peeled 1/20 LB",1/20 LB,1255140,https://mediacdn.sysco.com/images/rendition?id=a887c4640274a90071ef7acd1532dbca9936bb7a&ht=225&wd=225,
Produce,Local Bounti,"7335554
Local Bounti
Lettuce Baby Green Leaf Fresh 4/3 LB",4/3 LB,7335554,,
Produce,Classic,"7126165
Classic
Potato Diced Cooked Red Skin-on Frozen 2/10 LB",2/10 LB,7126165,https://mediacdn.sysco.com/images/rendition?id=9e359b853d104708661cd6fd1aa006be7e47f946&ht=225&wd=225,
Produce,Imperial Fresh,"1908375
Imperial Fresh
Cabbage Red Foodservice 1/3 CT",1/3 CT,1908375,https://mediacdn.sysco.com/images/rendition?id=61ba26cba99a5935ba8367db875dc166530e88ca,Product description is not available
Produce,Imperial Fresh,"3078672
ONE PLANET. ONE TABLE.
Imperial Fresh
Mushroom Port Large W/stem Fresh 1/5 LB",1/5 LB,3078672,https://mediacdn.sysco.com/images/rendition?id=41f94a86b5d73f74eab1231b7611dcdc46c0d712,"Imperial Fresh Portobello mushrooms by Sysco feature medium-sized caps for versatile applications in healthier menu options in place of meat. These bulk-packed mushrooms are easily accessible when preparing lots of dishes, and they come whole...
Read More"
Produce,Propack,"1580224
Propack
Pepper Yellow Bell Choice Fresh 1/22-25#",1/22-25#,1580224,https://mediacdn.sysco.com/images/rendition?id=10e1831985025bee39baf0b4dbfd25a39f606a85,Product description is not available
Produce,Imperial Fresh,"1790843
Imperial Fresh
Tomato Hot House Beefsteak 1/15 LB",1/15 LB,1790843,https://shop.sysco.com/23490520ea80a701fa97367426c7c12c.svg,
Produce,Imperial Fresh,"4424729
Imperial Fresh
Beet Red Peeled And Cooked 10/1.1 LB",1 LB,4424729,https://mediacdn.sysco.com/images/rendition?id=57056b9c29a4953f34164cd7d7852083c13e6016&ht=225&wd=225,
Produce,Local Bounti,"7325786
ONE PLANET. ONE TABLE.
Local Bounti
Arugula Baby Fresh 1/3 LB",1/3 LB,7325786,https://mediacdn.sysco.com/images/rendition?id=bfcd89c6b1f6f1b05daa0e0b2ba8ea3a0c6f5d5d&ht=225&wd=225,
Produce,Classic,"7223533
Classic
Grapefruit Section 1/8 LB",1/8 LB,7223533,https://image.sysco.com/image-server/product/image/7223533/thumbnail/1.png,
Produce,Imperial Fresh,"2308161
Imperial Fresh
Leek Bunch Fresh 1/3 CT",1/3 CT,2308161,https://mediacdn.sysco.com/images/rendition?id=9bf459dbfff2f414d1cbd9af70b324789d8c5827&ht=225&wd=225,
Produce,Imperial Fresh,"2058907
Imperial Fresh
Parsley Italian Fresh Herb 1/1 LB",1/1 LB,2058907,https://mediacdn.sysco.com/images/rendition?id=7605768241ad933707c8cf5d6990e86a16901bf0&ht=225&wd=225,
Produce,Propack,"1350271
Propack
Pepper Jalapeno Fresh 1/32-38#",,1350271,https://mediacdn.sysco.com/images/rendition?id=743a174cdfe62bf3413ffbca4191a137707c3ee6&ht=225&wd=225,
Produce,Imperial Fresh,"7409451
ONE PLANET. ONE TABLE.
Imperial Fresh
Cauliflower Fresh 1/4 CT",1/4 CT,7409451,https://mediacdn.sysco.com/images/rendition?id=8b304633cdd9f7862b10a31ace5bb94dbf36b181&ht=225&wd=225,
Produce,Imperial Fresh,"4949996
ONE PLANET. ONE TABLE.
Imperial Fresh
Mushroom Port Cap Jumbo Fresh 1/5 LB",1/5 LB,4949996,https://mediacdn.sysco.com/images/rendition?id=423b8e82b376f00718e6857c9a287affc3586ecd&ht=225&wd=225,
Produce,Imperial Fresh,"2004968
Imperial Fresh
Tarragon Fresh Herb 1/4 OZ",1/4 OZ,2004968,https://mediacdn.sysco.com/images/rendition?id=09842f5383c582cebfad060c32800a2560670ee6&ht=225&wd=225,
Produce,Imperial Fresh,"7078552
Imperial Fresh
Parsley Fresh Iceless 1/60 CT",1/60 CT,7078552,https://mediacdn.sysco.com/images/rendition?id=b897b9d903ec49f713537706f8cd39d6dc021d48&ht=225&wd=225,
Produce,Packer,"7865292
Packer
Mushrooms Large Local Fresh 1/10 LB",1/10 LB,7865292,https://mediacdn.sysco.com/images/rendition?id=2367d11d827aa71810bbcb6a27561d047cf26a5b&ht=225&wd=225,
Produce,Propack,"4461341
Propack
Brusselect Sprout Small 1/25 LB",1/25 LB,4461341,https://image.sysco.com/image-server/product/image/4461341/thumbnail/1.png,
Produce,Imperial Fresh,"1185545
Imperial Fresh
Ginger Root Fresh 1/5 LB",1/5 LB,1185545,https://mediacdn.sysco.com/images/rendition?id=e7ebf15b5d62201ef3b2102d9c3b99e373a433c3&ht=225&wd=225,
Produce,Packer,"2198802
Packer
Yam Jumbo Fresh 1/40 LB",1/40 LB,2198802,https://mediacdn.sysco.com/images/rendition?id=fa985d760be3834e86d9ff83f6e6888d873ebd3a&ht=225&wd=225,
Produce,Propack,"1312743
Propack
Peas Sugar Snap Fresh 1/10LB",1/10LB,1312743,https://mediacdn.sysco.com/images/rendition?id=15357807a4237672044133f71955bbd5d4baf118&ht=225&wd=225,
Produce,Wholly Avocado,"7053062
Wholly Avocado
Avocado Hass Fresh Hand Scooped 8/2 LB",8/2 LB,7053062,https://mediacdn.sysco.com/images/rendition?id=334c6d7b5cd33110ebf28d9ee34982f3ba200655&ht=225&wd=225,
Produce,Imperial Fresh,"7206028
Imperial Fresh
Potato Yellow Creamer 4/10 LB",4/10 LB,7206028,https://mediacdn.sysco.com/images/rendition?id=ce4f41a9cd73b9085d4b56b336f93836467e8d68&ht=225&wd=225,
Produce,Propack,"1873421
Propack
Cabbage Napa Chinese Fresh 1/30LB",1/30LB,1873421,https://mediacdn.sysco.com/images/rendition?id=fea78433ab9c4e113195960b5d38ecef46405d7c&ht=225&wd=225,
Produce,Propack,"1266667
Propack
Artichoke Fresh 1/18 CT",1/18 CT,1266667,https://mediacdn.sysco.com/images/rendition?id=ca098839045f73847ef1ef086e161b4d985dbc7c&ht=225&wd=225,
Produce,Local Bounti,"7347290
Local Bounti
Lettuce Baby Green Leaf Fresh 1/3 LB",1/3 LB,7347290,https://image.sysco.com/image-server/product/image/7347290/thumbnail/1.png,
Produce,Imperial,"7228789
Imperial
Tomato Cherry Mixed 5 Lb 1/5 LB",5 Lb,7228789,https://cdn.shop.sysco.com/img/sustainability.svg,Product description is not available
Produce,Propack,"1007947
Propack
Bok Choy Fresh Carton 1/30 LB",1/30 LB,1007947,https://mediacdn.sysco.com/images/rendition?id=d5084ea0957ad66b3da3a93a6eba06dba2b19620,Product description is not available
Produce,Packer,"1983675
Packer
Basil Fresh 1/5 LB",1/5 LB,1983675,https://mediacdn.sysco.com/images/rendition?id=ea563a65eff6b052feec614f7747ad92bceddf44,Product description is not available
Produce,Imperial Fresh,"1810910
Imperial Fresh
Bean Green Trimmed Fresh 2/5 LB",2/5 LB,1810910,https://mediacdn.sysco.com/images/rendition?id=9574a9b0a8514098cabd4f1846afbe6729e96308&ht=225&wd=225,
Produce,Packer,"8069816
Packer
Carrots Fresh Rainbow Mix 1/25LB",1/25LB,8069816,https://mediacdn.sysco.com/images/rendition?id=296a71faed0d7fedf118716c09e4c4472ffb0c85&ht=225&wd=225,
Produce,Packer,"5247709
Packer
Root Turmeric 1/1 LB",1/1 LB,5247709,https://image.sysco.com/image-server/product/image/5247709/thumbnail/1.png,
Produce,Imperial Fresh,"5661830
Imperial Fresh
Basil Fresh Thai Herb 1/1 LB",1/1 LB,5661830,https://mediacdn.sysco.com/images/rendition?id=22c6752ac06512a975ec9ea8ebe15f0355eb1110&ht=225&wd=225,
Produce,Packer,"1342856
Packer
Oranges Blood Fresh 1/20 LB
Non-stock
 special delivery",1/20 LB,1342856,https://mediacdn.sysco.com/images/rendition?id=a5a507b7c646fa25da4eaf88c6db3466b8669da8&ht=225&wd=225,
Produce,Imperial Fresh,"1821537
Imperial Fresh
Garlic Peeled Fresh 4/5LB",4/5LB,1821537,https://mediacdn.sysco.com/images/rendition?id=72d31cb5835a74d76ea0f5ee2357db0220da5c17&ht=225&wd=225,
Produce,Packer,"4866127
Packer
Kale Fresh Lacinato - Tuscan 1/24 CT",1/24 CT,4866127,https://image.sysco.com/image-server/product/image/4866127/thumbnail/1.png,
Produce,Imperial Fresh,"2004992
Imperial Fresh
Tarragon Fresh Herb 1/1 LB",1/1 LB,2004992,https://mediacdn.sysco.com/images/rendition?id=7f058902dea9f6956ae2fc13de53977921973612&ht=225&wd=225,
Produce,Imperial Fresh,"3076965
ONE PLANET. ONE TABLE.
Imperial Fresh
Mushroom Port Random W/stem Fresh 1/5LB",1/5LB,3076965,https://mediacdn.sysco.com/images/rendition?id=a19b14de72c24f5a22d712a8d2b2ed9cb1de0ea7&ht=225&wd=225,
Produce,Imperial Fresh,"0077172
Imperial Fresh
Garlic Cloves Jumbo Fresh 1/5 LB",1/5 LB,0077172,https://mediacdn.sysco.com/images/rendition?id=d17f9f37e6b6f9a8b0d4aecae1af0f2ca173e963&ht=225&wd=225,
Produce,Sysco/freshpoint Natural,"1723873
ONE PLANET. ONE TABLE.
Sysco/freshpoint Natural
Lettuce Red Leaf Fresh With Liner 1/24CT",1/24CT,1723873,https://mediacdn.sysco.com/images/rendition?id=17b070f34c324cb02419068be6707962147ea7e0&ht=225&wd=225,
Produce,Packer,"1080142
Packer
Yam Medium Fresh 1/40LB",1/40LB,1080142,https://mediacdn.sysco.com/images/rendition?id=5b1084a325a49d6a572455554935cb62ef41103a&ht=225&wd=225,
Produce,Propack,"2034023
Propack
Cucumbers Pickling Fresh 1/20 LB",1/20 LB,2034023,https://mediacdn.sysco.com/images/rendition?id=f6b0d2eb602fa0cb7b83d694aaeca624d1eebccc&ht=225&wd=225,
Produce,Packer,"1999358
Packer
Onions Yellow Whole Peeled 1/20LB",1/20LB,1999358,https://mediacdn.sysco.com/images/rendition?id=0a2ce058f9702f7c82b473a001ba914377b14ec1&ht=225&wd=225,
Produce,Imperial Fresh,"2005346
Imperial Fresh
Oregano Fresh Herb 1/1 LB",1/1 LB,2005346,https://mediacdn.sysco.com/images/rendition?id=2d24c57b72983f3a047e78d6234328974b4e2a9e&ht=225&wd=225,
Produce,Propack,"1008168
Propack
Leek Bunch Fresh 1/12 CT",1/12 CT,1008168,https://mediacdn.sysco.com/images/rendition?id=adab81f96bfe9a0605c7099d9d3c1d6d274bcd06&ht=225&wd=225,
Produce,Don Pancho,"5814330
Don Pancho
Pepper Chili Pod New Mexico 1/5 LB",1/5 LB,5814330,https://mediacdn.sysco.com/images/rendition?id=14b7b5e87baebd5ad67e0a5e7ced064975b65ff2&ht=225&wd=225,
Produce,Packer,"2077915
Packer
Oranges Mandarin Satsuma Fresh 1/25#",,2077915,https://mediacdn.sysco.com/images/rendition?id=596baf9c72e1497740ca3a99157f392417d799e4&ht=225&wd=225,
Produce,Imperial Fresh,"7156947
Imperial Fresh
Onions Red Slivered 1/8 Inch 2/5 LB",2/5 LB,7156947,https://mediacdn.sysco.com/images/rendition?id=66afc5b1b0f437c560e4f35883ef97b31be7c14f&ht=225&wd=225,
Produce,Imperial Fresh,"2004943
Imperial Fresh
Sage Fresh Herb 1/1 LB",1/1 LB,2004943,https://mediacdn.sysco.com/images/rendition?id=aabb4e48781d37e03c97d4188fb2982c2b4d58a2&ht=225&wd=225,
Produce,Packer,"2016426
Packer
Cabbage Red Fresh 1/21 CT",1/21 CT,2016426,https://image.sysco.com/image-server/product/image/2016426/thumbnail/1.png,
Produce,Propack,"6526883
Propack
Squash Acorn Squash 1/30-35#",1/30-35#,6526883,https://mediacdn.sysco.com/images/rendition?id=5c238e611219d3d097ff8c253a511eb10fdc112c,Product description is not available
Produce,Packer,"9209891
Packer
Radish Watermelon 1/10 LB",1/10 LB,9209891,https://mediacdn.sysco.com/images/rendition?id=365ceef2d654faf14245493e3ff91579633088fe,Product description is not available
Produce,Sysco/freshpoint Natural,"7300386
Sysco/freshpoint Natural
Lettuce Boston/butter Fresh 1/24 CT",1/24 CT,7300386,https://cdn.shop.sysco.com/img/sustainability.svg,Product description is not available
Produce,Imperial Fresh,"7049235
Imperial Fresh
Ginger Fresh 1/30 LB",1/30 LB,7049235,https://mediacdn.sysco.com/images/rendition?id=9f268c76e4c1f621d35c53669ec646cd6b020b4a&ht=225&wd=225,
Produce,Northern Star,"7125771
Northern Star
Potato Mashed Yukon Gold Frozen 4/6 LB",4/6 LB,7125771,https://mediacdn.sysco.com/images/rendition?id=9bdec4690b277b8fef62871fdc9768dbc56e51a9&ht=225&wd=225,
Produce,Imperial Fresh,"1821529
Imperial Fresh
Shallot Peeled Fresh 4/5 LB",4/5 LB,1821529,https://mediacdn.sysco.com/images/rendition?id=79eadf5e6e89b83b65f93c48b83762a088e86b0c&ht=225&wd=225,
Produce,Imperial Fresh,"7707193
ONE PLANET. ONE TABLE.
Imperial Fresh
Lettuce Red Leaf Crowns 1/10 LB",1/10 LB,7707193,https://mediacdn.sysco.com/images/rendition?id=b565f865c346bd508fa347dc40e2bf5080ddd1b3&ht=225&wd=225,
Produce,Packer,"1511575
Packer
Blueberry Dried 1/5LB",1/5LB,1511575,https://image.sysco.com/image-server/product/image/1511575/thumbnail/1.png,
Produce,Packer,"2841351
Packer
Pepper Red Fresno 1/5 LB",1/5 LB,2841351,https://mediacdn.sysco.com/images/rendition?id=474386ff84b87975599e483c8c70e916d0346e7c&ht=225&wd=225,
Produce,Local Bounti,"7347303
Local Bounti
Lettuce Baby Romaine Fresh 1/3 LB",1/3 LB,7347303,https://image.sysco.com/image-server/product/image/7347303/thumbnail/1.png,
Produce,Propack,"1283662
Propack
Squash Butternut Fresh 1/30-35#",,1283662,https://mediacdn.sysco.com/images/rendition?id=a08ef64b972924cbb5f86ccbc38c2512782a1d23&ht=225&wd=225,
Produce,Packer,"1530286
Packer
Squash Spaghetti 1/10 LB",1/10 LB,1530286,https://mediacdn.sysco.com/images/rendition?id=7b098d9a8253e1457e65d24bbd2018e64756b15f&ht=225&wd=225,
Produce,Propack,"1008382
Propack
Peas Snow Fresh 1/10LB",1/10LB,1008382,https://mediacdn.sysco.com/images/rendition?id=dd0db268afcd5734704a17fcf0f0b243ace37209&ht=225&wd=225,
